feature_0,feature_1,feature_2,feature_3,feature_4,feature_5,feature_6,feature_7,feature_8,feature_9,feature_10,feature_11,feature_12,feature_13,feature_14,feature_15,feature_16,feature_17,feature_18,feature_19
0.7218608338036331,0.054013613491462976,0.41289853371855695,0.9147022678933477,0.6377081371571564,0.7791303007352872,0.2440025974062062,0.33229572065143176,0.4082821616143096,0.8139044976472768,1.0,0.031116697527150742,0.6741096172278209,0.7335541093525902,0.7137107200664016,0.82036010541582,0.6440435076452414,0.4946619239184403,0.5082256162679244,0.33125706069255284
0.6698015921294239,0.7186412666719277,0.5627763212315309,0.7850130345185811,0.9678564058744051,0.4702399445491613,0.0,0.3791118204587833,0.28230739461671717,0.16429855890764009,0.6102242849298849,0.960652371946702,0.6136711474321919,0.2159937741072231,0.8544036847292367,0.8076851727797402,0.25568041115423695,0.6199395354135083,0.6318212991716458,0.8748063299858
0.1327769007168284,0.5458776955753938,0.3975831008054565,0.33068723952317763,0.7463446605267198,0.08779058104583566,0.7325214665652331,0.8526851185819224,0.29757736301135507,0.9923703141094397,0.9153716925991755,0.26231155110278426,0.7521964867773724,0.6920213597909385,0.6548045682022583,0.7704070983783399,0.044591821684827476,0.4535584226980217,0.11535830306471428,0.36020587919776076
0.16433753780417845,0.8259354286794359,0.11337870557200741,0.5633642068734287,0.9381951641916526,0.6451707905527572,0.5052007032256007,0.056982831571741895,0.2820466142994189,0.8498805108135111,0.4944968867662001,0.24254287235947142,0.49507005125667025,0.7165859132878712,0.48169123226663263,0.5468030740842408,0.7978808106296796,0.4810751940770037,0.2817238767541424,0.5729932207563555
0.44416715452105254,0.36485756831979105,0.7915753181454745,0.4617040563133256,0.3289345404241575,0.09823868941284787,0.636381863271454,0.6536342593861401,0.3524243858595087,0.4382695356613569,0.833587641650096,0.13479582949066737,0.37304174013477237,0.35968429116385753,0.642670422427108,0.5345261803355107,0.9990301006089193,0.7726744714894374,0.06298483778731097,0.3849369661133608
0.9379812825154686,0.7081737123150321,0.2761080660993803,0.09306503510169004,0.804954036634067,0.9782894485941247,0.9162884802208564,0.7292950975838787,0.7316496077759832,0.3225820963805824,0.9787099510739824,0.9000814105406404,0.18906667305884792,0.0897808331934091,0.1928297766645458,0.48509255542309493,0.614235570767543,0.555885659792719,0.9627952786225503,0.6984221129498387
0.4456937534588306,0.5862506243552074,0.4828542287508576,0.5643240830397515,0.6124032925584989,0.0871744653841246,0.9942735625157877,0.29072066746994396,0.05108057939514125,0.49919695695365224,0.43871760714578495,0.9938633516334286,0.6325867775855767,0.928953626123869,0.5541207243451393,0.10160109745164082,0.6794890727558777,0.9907253059412596,0.4085156678457521,0.4504494459431203
0.4290606843880327,0.29779718310487185,0.7685504363350759,0.5819035086430617,0.8111656128141183,0.39180350708614875,0.1300718593659825,0.3756848267606302,0.8932387461471497,0.4782068584970139,0.2834032641852766,0.38489134802265357,0.7360776103181009,0.6582763118772348,0.631346394993938,0.7582998993739872,0.5828477019491661,0.810488119995867,0.5878616530323739,0.0600652445774049
0.00373606916825432,0.7560980875266067,0.3489801749524573,0.262149408971059,0.025919523361955462,0.30381946488984446,0.010663982157677823,0.3614217386707178,0.8898993211691767,0.10239896997005951,0.870142260772132,0.70857021760874,0.500327149116283,0.5314093158168054,0.266129629295825,0.2827817883209429,0.1947252905236597,0.9099805844128489,0.08766397411413641,0.7394477237880176
0.9973178990656387,0.6477789018509591,0.4223416937434493,0.9142161200902882,0.20790363237296594,0.037887107844447945,0.8091152390167595,0.8153858275525715,0.6441287165680153,0.26477728186808286,0.8078896275912484,0.9421311342046589,0.4682857738452646,0.0,0.08948407510316864,0.4287334621420628,0.8524962767650542,0.6085466337845276,0.5764528977910497,0.29935510735110793
0.6538959673388834,0.6138050606660453,0.7542049592840384,0.07746420006415887,0.7118919214668354,0.7825394170384163,0.044834311480605064,0.8178246750499281,0.5051599325401752,0.2415713200078324,0.49380985076922573,0.5730648049146531,0.8243471470625653,0.9684864514559781,0.274481632567032,0.10276886444702549,0.6100144375828741,0.6536708853707467,0.20023605012003085,0.7393148451574016
0.3023560020958392,0.9425453459315296,0.9515448309727277,0.8492265629933368,0.7222605116720795,0.17419883086353227,0.8958958348687369,0.19975503261058775,0.9039416364367494,0.3220706159240595,0.9829597135323053,0.30017974268499004,0.551917177528549,0.9865224280878547,0.29742712734909094,0.8245620682821193,0.18607179726185674,0.22099608360708206,0.09353349105596158,0.9560972591798184
0.4718630915743306,0.3563441254221215,0.884717684884526,0.410047707240434,0.7297832093625435,0.7034993259016761,0.8744474909816531,0.8013837807217994,0.7860766469746425,0.7396321590634072,0.10676673395487801,0.397952031176163,0.1447514501249146,0.8586458516791904,0.9980020136306456,0.7603460223970686,0.0015345189907966135,0.307903570760773,0.2767244849928642,0.10062268262447595
0.6692863017960619,0.8035664942876182,0.8186065031855004,0.7061387491144993,0.6630579150343213,0.9004193690016781,0.20269253597724146,0.21945092389130844,0.02656078486925931,0.5385056145936161,0.7596722973850727,0.09266098009222642,0.5952466691892488,0.6588846372385267,0.4470951917427946,0.23175628157116043,0.5454304321538348,0.1127124233428632,0.641337301954294,0.8600848078909052
0.4712777836264616,0.7171701675181037,0.0041823687430375045,0.25976456605975484,0.872539287958443,0.17943514452974105,0.9265924730540788,0.7151043693533318,0.7736313819457796,0.3530273305211302,0.6627009662232186,0.6912959927044116,0.26261330681970874,0.6752642403086323,0.3248159258327292,0.686494292104265,0.027028309401935652,0.8785515999735041,0.6754901200054019,0.7310534231937431
0.9617293975456925,0.7570660122809401,0.14089190072248475,0.054971662817776615,0.22796161206239055,0.5571375265629661,0.21550466103304314,0.37918859988156417,0.5090563026333603,0.6557952065592404,0.4185406115488975,0.2727037886219379,0.7847610103542068,0.44978667247529225,0.8916069961887731,0.3552060000659913,0.31036193687133146,0.3376033837891632,0.8314112545616588,0.16417042066378762
0.21336635096084478,0.9999999999999998,0.2554167475211935,0.13802376938782154,0.7230237002995028,0.41358960591992033,0.3569776327414452,0.21740232910687798,0.5943517787752682,0.0282457829376547,0.99572773782713,0.1769213481330901,0.31230835339551083,0.37454640104488635,0.26479802947929876,0.41707390260856403,0.40781950833276914,0.7955652465301722,0.8507091169025268,0.6252525668020555
0.5968668630765123,0.9335251395236749,0.6817494957929664,0.6865233087619083,0.7132094253876973,0.3538912193806011,0.0851360097884572,0.2869141439922978,0.3069233302105069,0.7939971490223934,0.007448186432698076,0.5263762161117702,0.9305740884066097,0.7772126500316482,0.05328160825915401,0.8619450608421597,0.5818933325112737,0.4877358689362118,0.6228375923855347,0.8320245109800503
0.7886964522246072,0.5391153813721103,0.9999136005354566,0.3469696298809292,0.8046014023946084,0.8781231151663,0.7504210657569065,0.38992246968120414,0.33854851218146725,0.5330347389149487,0.035755341053231006,0.13132632583616763,0.7927220917884096,0.10993454503383927,0.9957751051835891,0.19561264642806186,0.8010692576412058,0.15566809792231825,0.5537299491081406,1.0
0.6851457219571552,0.9950959195743612,0.9820934014812879,0.26571653396658906,0.6682241834011535,0.9999999999999999,0.8103649148996973,0.7081239836432774,0.416936654231835,0.0940076461231425,0.4897444020392504,0.5816004004374078,0.1779386298135575,0.7176724559885637,0.905370543714247,0.46251233926734814,0.25047227625848006,0.6396622440995512,0.219733585360464,0.3963202723626943
0.2370444502673918,0.8968753633728205,0.27428757971619433,0.32929495952143994,0.7599921429433464,0.7657325887357225,0.6063444712064886,0.10408036867576588,0.3752984275752567,0.3904554334671263,0.972062028804682,0.594029084034866,0.16882508854706338,0.7741995601687498,0.6449359693604347,0.7026340356890233,0.4343763771220616,0.9208294646967772,0.8878122278519283,0.17537952994984277
0.7590686220320503,0.5101351183595132,0.9859678322435178,0.07474999343144469,0.4305598304232216,0.7094190846679493,0.8943513802451445,0.6269622366271774,0.16464832071598084,0.2910260616946227,0.7706713124927871,0.9857240106884445,0.005383619752208964,0.726859895840004,0.2001785680781122,0.9931776966867951,0.18957304588316926,0.11814608382933138,0.047940789770974386,0.9980103687720847
0.7476497529104015,3.0115888065009055e-05,0.08909448419209354,0.34994859198661527,0.5809858512770745,0.10547710511281959,0.9131917148204834,0.2684276417850977,0.7166034253797303,0.37311106843842196,0.6071080912477671,0.4417518988012077,0.4090025545935627,0.5096258861824362,0.7089481460336671,0.31622054065096344,0.7988639237393413,0.3471122924372285,0.42442550280773444,0.13730576228758304
0.8956088757974194,0.6361618730309244,0.4024660390408431,0.29327292335990074,0.20445968441544948,0.0391631427967746,0.2131341108600279,0.12391523418206254,0.004346985450931615,0.3437827871826449,0.2552002516337942,0.7973969143028367,0.2051477177666685,0.8463938980525942,0.561806329083108,0.8131145400209544,0.427864022964131,0.6820868781983459,0.43784110483333555,0.405353593625908
0.01174250759451561,0.6571156501036486,0.7124899353053363,0.24801438909768844,0.17651106251398008,0.13121051289776955,0.7510042086794506,0.9163641533102576,0.7830275335116091,0.20203354031107848,0.0,0.02766060391241686,0.11626190265209822,0.8975898930981365,0.49485908479571294,0.9286635648290725,0.7628929866263331,0.3709608116020419,0.6654458292052997,0.8625637724131877
0.9127896578378807,0.5662865802564937,0.44836911069211366,0.26125919071095277,0.3694066409572949,0.02599188311379054,0.40830616261467767,0.9129025461151086,0.5267294989677885,0.9398375256598752,0.25434857986558085,0.6120525692522617,0.16133591753327006,0.7950375842715842,0.5694576642139693,0.7917384233544795,0.7119303855948786,0.5617227526009128,0.96775682847429,0.026686476986274636
0.33333745404221443,0.2727917388297305,0.0014222424827954713,0.2650720017864291,0.6084089975058188,0.9690899475988147,0.6718983490729609,0.2845640003661695,0.6738559402275299,0.3316900249058403,0.6222784720938337,0.8638312468008277,0.6007803141767678,0.1127129832916007,0.7982277747402755,0.024250540997792242,0.3513027002906626,0.608632170120773,0.7763797644641,0.3953802473919356
0.454660772210329,0.778167223567732,0.9301890125945891,0.5859555662986171,0.794164459029139,0.10114693044498028,0.21951773319010423,0.3633351284413244,0.5621773838331205,0.7711544727179791,0.596978079881842,0.37950408429326365,0.5140593670060152,0.7511705240026987,0.6621520217793844,0.7352334500195434,0.7992326625329829,0.31569036190248256,0.19569863053327735,0.3324720336660873
0.2637008597257127,0.8421249626056583,0.7423038879292281,0.9902690331173054,0.7899472055223623,0.49044728231721924,0.0274101003667043,0.7265221557909883,0.31665828766668447,0.3231814763038204,0.07067392155777881,0.9038308625080672,0.6254749199376334,0.6033948425748509,0.9025676733991945,0.737374086381373,0.16281733792016545,0.6885246961292407,0.3207350746222288,0.2103666085713859
0.4554679326752826,0.14132467034360818,0.5492731896064205,0.783526198066795,0.0915167697415048,0.4062565773773921,0.9580732881889672,0.5273122707004456,0.2496486473672983,0.28333639848065856,0.47643568713837536,0.2210880716908322,0.36219835547894114,0.9729983519203143,0.22404117658155734,0.40687919870957584,0.2994936245938548,0.49182130959450127,0.6737807032902516,0.40841664878580936
0.8150381344526757,0.6853210584860353,0.7646668708303479,0.8918259093510605,0.8918370921089699,0.8397074021850013,0.7025846128731147,0.6275298935204356,0.825894361478726,0.4539605782028247,0.2342552891037154,0.9219577860846612,0.2569976500679418,0.5732900709475501,0.8488316055054205,0.6542152839423745,0.5155025602741677,0.43847851087751555,0.17092951931828368,0.6754856289400043
0.7462198689881088,0.106216035053917,0.8221650830555147,0.9826062876891757,0.9093749954755087,0.12719285536612898,0.7819996491166233,0.3869538383253593,0.801773105787271,0.5658496064866244,0.9967978107358826,0.8192721884465533,0.6831585152183904,0.6929382449404934,0.10994686007104604,0.7192780980118534,0.0874242441652876,0.3370253187391464,0.2952164284950054,0.837636210726435
0.9762370214256011,0.4723026960512382,0.8214778961088641,0.8043480523211487,0.9814774379965729,0.21502479582402864,0.7288494274010783,0.8778403655788213,0.9136076996529162,0.1442884779615962,0.3123249020825995,0.9571209083636267,0.13265164475272964,0.8697801458820635,0.9533532180483985,0.2591660606793362,0.3963616829598235,0.08886775811684917,0.9415882287067011,0.06931241529545433
0.3118323727053994,0.7546239933026708,0.3666729026312958,0.6225370570393445,0.9816723080781222,0.8217741234255859,0.7217656738501604,0.6187956403596837,0.6990351888538417,0.053466180600426585,0.009151313250760367,0.3959714434100852,0.41410902258358406,0.9434759531431073,0.47985151208036525,0.7456910955015565,0.7396682354340501,0.776063005315485,0.23514274442016128,0.46580618063974055
0.32877669327972764,0.4407051610333031,0.06092956686573367,0.5358797951123648,0.23312232426988846,0.27983637753081936,0.5321435535993613,0.6855827444339241,0.4226905393876323,0.48823915354752934,0.515078300492703,0.27697043938174326,0.3508044710778945,0.08498113587187063,0.2236124323707457,0.3152033189351662,0.6349378088398437,0.7979687742301226,0.10565706579317248,0.43532243874855203
0.36294528198969017,0.41537838521228965,0.6607660510462233,0.030096428066720592,0.2484828784892251,0.26859538523737303,0.28229176826746083,0.44080500336403666,0.7338520610156188,0.27970581753150303,0.3541539395845367,0.4201622714677167,0.6558495804768384,0.7801448753108132,0.6419290063173209,0.8377010934605724,0.5442318369044252,0.36476238925627197,0.213865840359893,0.8458051346245211
0.18337168357849934,0.8224999106762239,0.21389084207988213,0.8167217340003958,0.02082716330912363,0.20091501748618523,0.21886402943206557,0.4255300532124,0.677448254488961,0.7254097265126384,0.9594651681052868,0.08421044194226686,0.4126993885662393,0.5226987299524265,0.5684929886632838,0.6806236197808682,0.06030316949568664,0.48860751415329273,0.06736513109189711,0.9432367269831518
0.6218825098625086,0.6624736202531502,0.8808716795490231,0.42550944082024883,0.0542659066987813,0.4889924230840097,0.04879630646179263,0.7937640374714037,0.016459973657958312,0.4804839474352108,0.3618363637879858,0.7586964300518293,0.24431078727540695,0.9951192876756663,0.1019394274578709,0.8751736646581453,0.0,0.7752215826322832,0.41505053343404785,0.08057660437942968
0.7074974767715609,0.4937013848583598,0.2672657219526859,0.7621922323455635,0.43884703149997456,0.9797037323566268,0.1514609003846602,0.6467437424668235,0.650515699134317,0.26861173287239365,0.9802446312879391,0.26587326477335577,0.6344347063904672,0.39320697010539285,0.8562844180890669,0.6816000259511117,0.4070055909057125,0.4005617260030134,0.7553216014569291,0.5670207471848441
0.8324216961362783,0.29502059663071895,0.7132212156392265,0.8303302960343224,0.7095671055069255,0.999026737334869,0.9729468854800354,0.9257875349417304,0.17868689123972234,0.7935301349378378,0.870228270516379,0.5048831937991008,0.9503051164176893,0.40350316234033834,0.6007914964940091,0.03718645074415184,0.8890443029236308,0.07893936148574425,0.10449890166501795,0.13122918342094372
0.7259508087074444,0.8974523716477105,0.19153909603442754,0.9399999489835161,1.0,0.4033168433097811,0.23598806741628447,0.2421826063903446,0.731759842095606,0.5809314981140282,0.6421682190306781,0.8645689449747209,0.7783276375014874,0.15244409660503666,0.1734755788007912,0.5052932947875212,0.5048074997182387,0.21841078041506992,0.5889741744777413,0.0726553370854375
0.04671017668502428,0.3529739255219918,0.10601247384959457,0.07933059838495143,0.9283943519014737,0.49908382266173,0.8156028994560806,0.8732960413020601,0.5252742328823974,0.8844853060754361,0.26139749188486733,0.4498416034635871,0.07317633706039676,0.009936125801298185,0.15856636065740978,0.626071032632238,0.4328487615455022,0.4604915872357703,0.2353470650684197,0.010084472242599216
0.8434357086651453,0.8021657662866941,0.4799445192957957,0.1519729535499801,0.06492442327410608,0.1257863134131794,0.0832458844230353,0.13448768932669292,0.27923208414724754,0.7586696762006173,0.05454424104295852,0.967093231340125,0.5236369221207412,0.9453954005267192,0.35776416616130974,0.3970271073169295,0.6782614820304428,0.0072924495360277425,0.6062469807207767,0.3315948876187395
0.7250646120779881,0.2519401154529334,0.7538482319148654,0.5506259878038579,0.8988204673784363,0.08870791448163584,0.20425814681338986,0.4540269787891512,0.0,0.3164918695949906,0.6995274957383453,0.02133515650053893,0.27567308794453693,0.2637343580302506,0.4066565156704531,0.24795631930665263,0.4254332323356437,0.11006713486614145,0.4790142287712789,0.19631465064891432
0.7401407175481833,0.3177116638012609,0.1597094150338813,0.7772211259257206,0.3455344465883754,0.32362334458166225,0.134691565773083,0.6952382844420254,0.9132040201917747,0.2519008546074075,0.4293063137698395,0.4603470713583225,0.5150060533428352,0.9151634819585042,0.9981347565744324,0.579985159832324,0.9763200331174647,0.3927979563811167,0.194186332046417,0.9190725159624606
0.7633139271502913,0.6998649783842515,0.8362428452529951,0.016814492776594227,0.7751659825374968,0.6373131169691778,0.49775325126133063,0.0509930985155039,0.7825655732131267,0.034778636166635825,0.9033412524581712,0.5972549111668691,0.6747227915941114,0.8926283645970429,0.45034539590040373,0.8843960433078811,0.005349555338873943,0.6328424284794596,0.907520489596911,0.2944195198771369
0.2863491462559848,0.9253067976928512,0.7507414660855377,0.01747665000618098,0.7310772400348293,0.8872823913185718,0.4100543586202046,0.6678382731743806,0.10055385668922638,0.17685844573505902,0.7032464388782547,0.8820773700237179,0.13817020369638494,0.7245230678563112,0.30505503130750217,0.9034787161263761,0.07934490222040777,0.1259369700187858,0.6188501051183566,0.3127816445457248
0.6012874524970713,0.1648572971949676,0.764670275852512,0.6747742327159417,0.9400095853631821,0.1599137708125806,0.46001089507495907,0.5658702384488928,0.002743067035529686,0.98909566606307,0.5431231612126087,0.22346154836023205,0.45482734343164777,0.5826823322876244,0.647293041758986,0.873353808933141,0.5594984544979253,0.4477334788616832,0.9185429154713207,0.573910292345541
0.6348562620745867,0.22465565034411075,0.2995754294774937,0.8255077969702503,0.10833184045651142,0.8266930014688058,0.23947270893047345,0.397084128857238,0.5314525432923544,0.6128163602265164,0.2186074698463972,0.9358908565473,0.6051863614017955,0.7493347752746147,0.4473514626123663,0.7250236216279885,0.09663541177086074,0.148543530964499,0.25873654155144393,0.23424231173715285
0.4248156185988731,0.5264524161514675,0.08161396571027854,0.9307226587757721,0.46041479055624185,0.07332173745365275,0.9217306446647873,0.6510846989645297,0.9106657905035217,0.9177014665731769,0.9076491403283331,0.29429262669311324,0.734163082627591,0.5432407236852826,0.6335530161085728,0.054638819918000084,0.9912860177975324,0.3385177398141708,0.7732380739149037,0.6874073850931334
0.9496442235269515,0.03591419531211614,0.8522414743931903,0.2693963787208313,0.17010490248834328,0.4674622998455246,0.530490710960964,0.8361978057366862,0.8718687632364978,0.05274915323533066,0.9158610339348959,0.9777849062598589,0.19879554582181339,0.5473333113133776,0.3559144869711328,0.8355038990499822,0.0631929392686616,0.1979732965238398,0.8000179864876685,0.5061517408617177
0.2697436227546652,0.09247565067732959,0.9389783311634401,0.5078085112939202,0.08149546804649506,0.1709114643114797,0.07208084388719153,0.7154666524619947,0.10958996210099725,0.3324515108523542,0.15894757563258932,0.4640914243069277,0.12587503929015992,0.45878226804177735,0.10004887332293633,0.21447987698721993,0.3805449942750299,0.7635248265739785,0.22746114758485728,0.970630827260193
0.2516837968780509,0.810909927131609,0.7479499742267496,0.8702909129412902,0.4175666558696299,0.9374951860144478,0.6604538358111445,0.49025501935226595,0.48803286688427255,0.7679976847148323,0.36824950809432355,0.12287343976391772,0.6877588662947909,0.38743570074387906,0.8487291134311311,0.9584370053941563,0.8915638613642207,0.0,0.6385766354883409,0.3922362871774784
0.21129876184554164,0.39358243959837896,0.3099313887294052,0.7288074608977299,0.2797788147006616,0.3907861814684093,0.7963739318646696,0.7974058556657357,0.9962455905319236,0.6313349424237374,0.8965793493167274,0.7758969349836772,0.7741381628946735,0.7015649868235301,0.3192590422315824,0.06181595578174422,0.8753354444630458,0.6508622120731425,0.9830243622833517,0.5008131709553093
0.09356682307576628,0.413343868529215,0.8272290611298656,0.7259706126227795,0.38812295838941363,0.2412057433374597,0.935463080118025,0.9105924954159837,0.9033911227617629,0.2709064052187291,0.11744307082694498,0.05932834080568698,0.011047584521348512,0.5717889135046609,0.347021954684962,0.6404526769911462,0.5496517481582847,0.5978280098381612,0.25739616268611537,0.305486864699886
0.18077099649020184,0.08864864040840296,0.3945839671105167,0.5969303653657058,0.9676782361077162,0.4777048031483672,0.7461461363551839,0.44876896878173633,0.8971711689760142,0.06986047906352093,0.33362947176668956,0.27052307046085705,0.6059408610067077,0.7796689142220766,0.16155149032642174,0.09043191066927599,0.7123126796472198,0.5157856752667549,0.8831558869612007,0.9701948221843995
0.028555701284964794,0.07655958245902178,0.10305382820300113,0.7282296774863825,0.7750569168677414,0.1678449776684895,0.1833379126451795,0.05240826224756791,0.6581992694429768,0.0,0.813019892326764,0.5502137695879816,0.41880204987209096,0.8569047960476515,0.8963060417234666,0.44456760569311865,0.5152859671861074,0.803755745495136,0.31007377492494187,0.7841254535062746
0.42237576802704635,0.8458230742112264,0.48596389683884683,0.7420647376181378,0.5827604889117922,0.3867877941217776,0.8504948001416011,0.07078203193214047,0.43680329245342336,0.46235543432734827,0.16982662884676947,0.48671148640587764,0.19330387111394995,0.8542927262340801,0.23731348682322126,0.1466771028877732,0.05843665956267304,0.6752000549904882,0.4987695401870737,0.7748707734552382
0.6046978095920877,0.9466799647472224,0.5005918614987719,0.9615753703792091,0.8992206281153774,0.21411673062843153,0.4112416265844898,0.802472867916841,0.552243496636121,0.6386628742798263,0.5884037001307182,0.8056765412044566,0.15683092505646115,0.5475425458346704,0.4996509243341045,0.7256376570200397,0.4115733260961994,0.5657923791077935,0.3271430594027319,0.8702304642320078
0.4078063903353815,0.25698331216346665,0.39331943205501324,0.9788639424807184,0.4396574591471846,0.6224499858975087,0.8995019647309126,0.8749203514004489,0.7317802665911628,0.5871732427092619,0.1739122266300851,0.3420579373119658,0.8375148131451859,0.35671050753268324,0.4579389727141993,0.2441332424870574,0.1689153802681205,0.3761289080419493,0.7964214235241811,0.687237377654945
0.8827205806587842,0.4423128332632267,0.9334036824005923,0.9222871341127241,0.16991902904791922,0.15799402100699986,0.28610152765256286,0.7826414287623312,0.3283967660040914,0.04525456186506974,0.1009924572556057,0.8486464701847366,0.811475620233586,0.44668944844794284,0.6913547511723493,0.38805241889475206,0.7819874233192959,0.21016904832545213,0.032168155143614055,0.7515898561683133
0.018659555328073188,0.5981315064251678,0.38603364076178986,0.0,0.7319245059360533,0.5818921711800922,0.04744486539264366,0.6230869811922048,0.16921023416338854,0.38258738879756876,0.7292649010264547,0.7471334582307118,0.12729851325740452,0.15653774238766316,0.9131885152602524,0.3461455662781436,0.9102437147357779,0.7645555528225785,0.5972894273192426,0.1216233535979871
0.5196510646977625,0.8891788505961823,0.21846698705896336,0.6637589430690591,0.1051563080753562,0.8374882075227874,0.08585789075503822,0.7918520262313112,0.9484943903393357,0.5979202873415558,0.2279934374905757,0.6732558077478469,0.7181751771670731,0.2604967447246066,0.1481984089387801,0.4696493287049737,0.9664750468040922,0.14523075444244596,0.05512449899748067,0.17793550872152697
0.030595565057435752,0.29499258613451695,0.29885425898059625,0.7554955085512155,0.9979492514898383,0.8302169566781215,0.9637981627210094,0.8719534304345972,0.07409038753289202,0.2420611424737719,0.01803976447582007,0.43501018885442094,0.6910455785330478,0.7642215445706769,0.33456416238410513,0.8378250249453426,0.6203459261181288,0.9154966077362638,0.7249663419881867,0.5478048008432904
0.03315692855241403,0.38473131752120665,0.3335290274615877,0.040797595857666534,0.04339558820153533,0.8175663056886966,0.9833572502344471,0.0,0.46029895661399783,0.8185342201930689,0.23584051451766044,0.9610897243465805,0.4504605609958133,0.5812901879713522,0.2545670000454269,0.9359840593845739,0.5049533314910656,0.9978913364334201,0.25375333140370193,0.23262249064001778
0.9204246143021185,0.5739588976988638,0.35420015351273,0.5039556371922034,0.28970165490540983,0.5010637884858581,0.2635834790553178,0.1685365636896984,0.8048499948147437,0.7831575205661377,0.468870456150321,0.24163449925092179,0.7246608211385509,0.25620515548033657,0.7852807463585673,0.0,0.2708680771351341,0.003248979331244773,0.8151036301953054,0.06387278979713257
0.8966297303951767,0.017634441111267142,0.09753020768341376,0.9965979755860502,0.8882411868016409,0.26108499245229694,0.2933208695569048,0.4088550965288103,0.653644958125274,0.23987945504274683,0.36928448714845397,0.46379199056483067,0.7908462203963684,0.32175707554460503,0.8497676798903544,0.15412128787940443,0.603616610303458,0.30731830730761944,0.6405652168753195,0.34421177948537995
0.9029670091278879,0.07004131437002276,0.18157056487157927,0.21450890569117348,0.04340746713984597,0.7815304606910044,0.8327846192183593,0.6828408145390927,0.6967673853377112,0.8727289812774123,0.003324087909856103,0.7074347551433718,0.5587291174094107,0.6826524141673918,0.711748343060961,0.7045482416858952,0.19337403293284433,0.7389086472165148,0.7303684398242821,0.42630298143006534
0.9747874358395181,0.5585685545080372,0.7271279557657659,0.2356161856490817,0.3480126627700939,0.7348303175144355,0.23452675738512188,0.013473559380244702,0.9383788620172714,0.38030602874844793,0.15785545283021413,0.8276672087301964,0.28712931919922813,0.6332219457054823,0.7350535044439234,0.8701259287080343,0.2365592527421987,0.3610807387511625,0.8547697749088021,0.8872982331487003
0.018780470799013124,0.7927400028508592,0.07073366230016004,0.5474981911898185,0.37772488304747864,0.9742833738603947,0.7440300947682602,0.10756554408769588,0.27684201274019377,0.7520935825143614,0.012421147691245712,0.7933409937162602,0.541431826826656,0.4760469302755959,0.10856898996843468,0.07323624757094345,0.5846243565384411,0.5046241999997465,0.8534967776295211,0.9001013922139545
0.2641991332127072,0.44060546503218445,0.3289385332187151,0.06087820751779119,0.5776019916365145,0.7185231586564489,0.3418995678360715,0.7241364911556424,0.0016831685617894757,0.18875554279198173,0.05101025340492955,0.044080776061747116,0.7296357458374302,0.5169925812519597,0.46647599920558785,0.5174442412350855,0.3426084190042922,0.5596447109417281,0.026062498169669168,0.9189345616282188
0.5914340956388435,0.21893710318720627,0.7331371503392932,0.42688086929112523,0.34071911319268255,0.655884213865236,0.9278165669285544,0.45579691160616315,0.24695874016626085,0.053098471398563926,0.9722525719996008,0.2645139064954237,0.43550815593327175,0.31338952972649875,0.5239108352200124,0.22072553667388622,0.0394629880049142,0.0455791645182209,0.13141645859555842,0.7137247189226336
0.41692848242807307,0.20804867903893176,0.6570492571174088,0.0020838934807186037,0.2005149483880868,0.3499925039209619,0.9993795787552537,0.8250624578896175,0.41749007744358574,0.2670654185537383,0.914876735222281,0.02326342154726261,0.9404164009565487,0.7997275855236434,0.9991837112832335,0.019947265314859026,0.508547327875558,0.5916917331603211,0.05426147881616001,0.9145767630294747
0.20781571571129062,0.39356335069016,0.2167536117392217,0.8657196400251094,0.671505405301059,0.10237973419761602,0.8672263539467442,0.46865681737937176,0.702315153657892,0.8483606144359714,0.9261122925359425,0.28691414355588096,0.29894395378695116,0.8935628382208946,0.7054392818962417,0.462900867733385,0.30314619569340207,0.8182419099108215,0.12342403690294086,0.27674937987794535
0.9120114466681184,0.1597666959843557,0.6686960469877535,0.5590362059158284,0.12416424076999125,0.8678764089423113,0.7502286759466166,0.002624746098476647,0.5133152271104391,0.51749454149685,0.9037489166584237,0.4772416514586653,0.4228094019768295,0.8148875972174212,0.2459999210630664,0.6020811184876567,0.6717395636565933,0.7417319828330605,0.8143441513754928,0.07152553376936432
0.7975940775960068,0.05887418898947734,0.650812415480639,0.5418659971893556,0.6449695411856313,0.7536420798363003,0.6049565487020857,0.8566896825921366,0.6339542613726384,0.4919218239990336,0.40021960100694076,0.2223229557777299,0.1937339839598152,0.054668396079979586,0.9722995051598298,0.9226736229358508,0.5474554454842859,0.3569206330002765,0.30201476249926024,0.7229724455028941
0.9377163325250067,0.701223161807033,0.6461096112096462,0.41183841372319424,0.7680085060661559,0.9860731995723516,0.8003447459649587,0.6626038681939754,0.004377112033857403,0.8435675072466615,0.9340903035154604,0.11039311574241698,0.9424013696767863,0.14061638743008703,0.6712376240267866,0.8629846690505203,0.7459907067912338,0.030246921665939543,0.7422252830085011,0.451939825575042
0.7735752432502159,0.38810767819095826,0.16023934272736354,0.4430016832273167,0.03763427743513012,0.8792877685293021,0.7708337216367567,0.5155924409973321,0.4860990516708059,0.020312078608165623,0.20610549313849946,0.9626477953411554,0.8701604936411349,0.5788791754817286,0.05370915649337346,0.8928176177219931,0.8398021103658234,0.9669987584733122,0.02368704000820192,0.5387146831463218
0.9901615186290539,0.23631059096516854,0.3559401156137742,0.624979093081592,0.8832460560213424,0.9621669915790162,0.12766880121577212,0.8932562591168298,0.6843016441114919,0.4935398537535312,0.31456608402722064,0.3902253360853222,0.5319955797623998,0.854456270779654,0.5571187812847006,0.7907948735554714,0.03476239864201414,0.6323190391568692,0.6105046468023715,0.17685969815010297
0.9285368942822784,0.4897949248610971,0.27379977312735476,0.8305841589115984,0.08521819383145814,0.7766629538241994,0.9666731452631376,0.562764376584656,0.8830397738531234,0.2879495554422448,0.15604255665894898,0.9844460996459224,0.9592050346750565,0.33877268535512567,0.969992707059341,0.6824792645407589,0.17172830287572025,0.42516201286013133,0.40061368748040976,0.9097642138076757
0.5131421042034027,0.9494678341177432,0.22656338696196932,0.8925471356313986,0.4822018971076893,0.4252161229593502,0.9088751224488953,0.523447191731909,0.10195749148778144,0.42142839131801035,0.40955606360287433,0.1317392607189511,0.7627233464150845,0.06278450394996905,0.7970866450356348,0.33602444323324493,0.690811523335894,0.7638754086800522,0.5533082344355846,0.35455227301878395
0.6771500216076565,0.231339275112485,0.6293103173643125,0.10549628300273238,0.864692304044439,0.10002425309297043,0.22292801470237344,0.027362585217110314,0.7450098193009088,0.6733794348986967,0.4916959279019915,0.06015066537628018,0.6679695416667784,0.14530351117050724,0.19694938869268963,0.9902936344857329,0.30970761013069487,0.7431404707720677,0.38722682119210583,0.00377342610745673
0.5948433596572411,0.20725734169866258,0.6972676014759607,0.6776741615955701,0.10236393957923977,0.8885369346933624,0.1228252850749561,0.6602558795103868,0.08191641140955808,0.3839694270080767,0.6754873197639023,0.3585777241873657,0.8816528924529788,0.6830483998542797,0.04979995144078163,0.8459238381699211,0.7440972682247957,0.6654971999481137,0.7810743305624609,0.7823333594883932
0.12642652885275277,0.8546188779904259,0.13398054821638275,0.3887256884850794,0.46167125863885605,0.1715150566569452,0.6994281722494137,0.44527810308648574,0.8731843381981269,1.0,0.5013316295683603,0.5808259902879671,0.911971370806337,0.47825383538318506,0.0854024688854953,0.7321839650206265,0.18962789077992342,0.2108082209952054,0.556448684414575,0.38961478473102523
0.022011995903612577,0.4237311841785928,0.8834877966862542,0.8659255376709036,0.5759519038501872,0.8081847209301074,0.046095113026602824,0.9320433947969138,0.9923861298821971,0.20414785934854396,0.8669179673711493,0.12975516808363025,0.6234973081601315,0.6022192188810956,0.9647430465680975,0.23562874756975702,0.15433216182408732,0.5061297149443199,0.764924913989971,0.2049484803199005
0.7838689927794026,0.9602503435522844,0.35774321861648317,0.6374810980281693,0.7111163392521166,0.9121135194013534,0.7065116884443771,0.13589279985553737,0.17991639130532308,0.1788818532557895,0.06208229354105449,0.6246844196785625,0.864446034988131,0.8322345209564977,0.08423722751044564,0.32775728823181993,0.18083966370404878,0.15245862764516474,0.374184690744241,0.9166355411396118
0.03550276513575942,0.9922848874424194,0.6874743265003898,0.46819118601297866,0.30560772509159656,0.8584128028044715,0.5809786465677932,0.8740406011532509,0.24451402478474601,0.6829715494797678,0.737776772980951,0.19637635783687954,0.49650659152711246,0.48333609826949936,0.4222982585850945,0.7703744091338935,0.7645214642344267,0.8319534512240013,0.18260766252642793,0.8679578970978613
0.30600725920977656,0.1681140314648686,0.6535487782011968,0.894496801378527,0.28976547810958353,0.9154858353809282,0.34982239905380585,0.44297684922524655,0.36753995539822404,0.4620764641538219,0.6890015414285237,0.07424918154634733,0.4289359359656603,0.8564278937465497,0.4871525373587697,0.1064074011804681,0.9989389146484555,0.4438749421181147,0.5286523818711896,0.20206875642222336
0.028326765383972764,0.2824970091592457,0.7731432971160371,0.2888489174160403,0.963693616516342,0.015469775586105997,0.0002025584654499488,0.3221675761359491,0.6965332945224404,0.7654545742336487,0.1416195469602355,0.3385104514537251,0.03970291502264104,0.6484367040741006,0.524493033028555,0.36052180655373905,0.7763721623024884,0.870329733377659,0.09432319470746678,0.07821963235989698
0.31738430667455225,0.9749656156249938,0.8634939992280393,0.6043743962928094,0.040120134273637906,0.09913483070682517,0.26371160026967666,0.1490748114158467,0.17323194950299997,0.5514273807950691,0.9604112359650285,0.3114014242234888,0.7845442216797025,0.022987009261104533,0.43780919053545014,0.7656403506089848,0.3980804643055498,0.6853284122036245,0.7158214330387106,0.06690310375527483
0.5304571063877592,0.35289786687358354,0.3958144288213933,0.23599373516073344,0.5558185919083678,0.04973170113691815,0.6065819769939914,0.11056658356574268,0.4395376781622263,0.7703155133483982,0.6465778107240265,0.8270126894927393,0.5534783727995157,0.005170476679177852,0.5896783064023418,0.9389422628979663,0.35251695347449624,0.9753353456147525,0.5004770571298636,0.12975319782058667
0.4466428775361813,0.2688564709129678,0.4887907424664776,0.640461802240748,0.3912849641836619,0.9933359417043903,0.9140538781905435,0.33467892801609905,0.08136354322030506,0.5226106234554202,0.49400436452661417,0.7706638088082255,0.24059377258327933,0.1513462253973006,0.8678873703028808,0.3423353732852652,0.9320243247955509,0.8364222939598774,0.8938386048155674,0.8674065185174382
0.953000775593967,0.6836106244768648,0.20192121846169223,0.007896185359844602,0.9327125484763931,0.08898723523841233,0.7128251895670501,0.3561365402588751,0.9718127732019217,0.5409646188844588,0.37817317050573884,0.2963602842947591,0.22151984292291638,0.8938554530811048,0.15216128782900507,0.030350364003632044,0.8071391987205264,0.7032900320089467,0.5716275394614755,0.08614831278698505
0.37680637563732855,0.9217217927244374,0.26230142780479354,0.3111495354640101,0.4172541400370113,0.21851829283144109,0.2885354997616351,0.6968219961864363,0.6800449291392738,0.3645097892382462,0.21509181668280528,0.23306672721566749,0.6240458216451429,0.4335973767401176,0.388509159034388,0.9009648756587806,0.6212214600381218,0.6188235397284502,0.7567126254514563,0.18653718050777163
0.30414361209195345,0.1446110186243763,0.8467760308404203,0.9170394946528088,0.21391011665672963,0.14114857958406385,0.6240980510318167,0.5030868982831199,0.7810027983548038,0.011289425175513904,0.9255617395416474,0.38127473055251593,0.8202468389761569,0.2732209982060637,0.0839627395923386,0.6156019936756622,0.5921124780524502,0.5173749768436398,0.9404262860217439,0.5041180165817578
0.8792200619465202,0.34071485826347303,0.6419013387608123,0.3000691684521336,0.08567922708818165,0.811147529915384,0.2718968052117757,0.9403061333941182,0.12897909816238637,0.05078181616627796,0.4758276177448051,0.5451639289143044,0.26450504419069804,0.5950437671327222,0.4805283274325308,0.6216808310102159,0.05748115645338411,0.2572818677108946,0.34130702312136174,0.14001732272174355
0.36925868657091965,0.0202081093874606,0.07098881003735581,1.0,0.4781440870415472,0.9655883868329727,0.167770467578309,0.8852183504360825,0.4931136903389502,0.4760524022555144,0.8251218182687815,0.9435981636360704,0.6193399988192619,0.5133847914979758,0.26372720693753954,0.8885923619925876,0.7402416492246137,0.7635360904439467,0.7585633740169373,0.7971863320553263
0.13495078865815083,0.2665439541044435,0.4691941773264756,0.4585613741462609,0.04353922546724533,0.9400872741143617,0.23254681181273162,0.7637664189864138,0.30918206589690417,0.6312698411538066,0.9535302368053076,0.12145019292831365,0.738795406375636,0.9719448826093037,0.47807237349002885,0.5344860651508667,0.36085239789161744,0.37616493136361157,0.29134630509317877,0.283927427926918
0.23870399157574082,0.8536484895960444,0.2637014315691311,0.1624118921579641,0.49117983444980856,0.5814121791593027,0.46629232155969963,0.3322449600582134,0.9162907219541099,0.013444223891339037,0.13227932349128357,0.6501761722617055,0.8093850463988905,0.7210916309855209,0.27147183420423326,0.41295468604860325,0.45480969683216615,0.6174402340464518,0.4459725559115254,0.4147311480007053
0.6642813205363852,0.20784445931985637,0.29703108415685164,0.7957211630465298,0.7444594089156268,0.7962865449967552,0.9025274890526332,0.38601289752714335,0.7861116691924054,0.8229646851300398,0.289042316118582,0.5311415619980517,0.725797982857976,0.17865418221643484,0.7988992094244457,0.6698751323714185,0.15720988720676338,0.8377557531632442,0.052625739228493784,0.15848821065687538
0.20217225253230126,0.3780995082532173,0.17713206679424903,0.9040755928893595,0.10604944966928817,0.5033146304569499,0.09523972117483147,0.343380083619899,0.7027255439518212,0.7479917384679373,0.2921275275444102,0.7623036108973679,0.44420616099131904,0.09067491143000549,0.3549514367630933,0.7467332455942233,0.3489033476420938,0.40122811905536465,0.09986901344520573,0.9953775641975384
0.8368205544054294,0.42244572981048734,0.411837370793593,0.8254611759508118,0.9212901277363661,0.07158067653607779,0.13224094227902244,0.32870634230752294,0.7557182965486894,0.7208362117219975,0.5081616817308252,0.604285210276415,0.28551283016939805,0.8515202763052468,0.6275933270596341,0.7681430388783022,0.15311743419988927,0.98077318956449,0.9896612892272714,0.4091322093837676
0.024317555828440512,0.8976036531054279,0.00998322387596608,0.25210175926587375,0.28227084500938354,0.9352993393058049,0.851839840022472,0.13981100563222876,0.8607806908218906,0.23815965170606176,0.7008207146772545,0.012287489180022048,0.48380502253335295,0.20872664487698125,0.2675842427051684,0.9663822560584916,0.9014100190374114,0.29769142508473745,0.6169490710515977,0.5196665760221495
0.5413843982883771,0.9521052696058391,0.5425551030731275,0.37506148081023943,0.7420293206880652,0.8840797189305164,0.2714037081965218,0.13730008589889253,0.2236506702654578,0.6684653330221708,0.5654015704637319,0.5958690063141845,0.45240882749266126,0.9628744171951038,0.9495194014677217,0.7545557920266964,0.653901785703749,0.3033038862403229,0.00369511767438304,0.9255188935620209
0.9047664779168412,0.0928266592603444,0.5242549036905382,0.43017724866643914,0.37443633319263314,0.8214937440178611,0.9919234583095246,0.21745961533059943,0.5406659814361355,0.657780690440006,0.8233983991589409,0.49432749249891517,0.48527918922810664,0.6833392018152931,0.6180952457546035,0.016894185444514803,0.4154277238048809,0.02349500803970218,0.3395209879124527,0.3860936871754506
0.9763357303053071,0.7034706204727222,0.19488677579350364,0.820613374874001,0.06377042417377475,0.38041246986877464,0.9743213604780149,0.2626429225663943,0.9278995165636049,0.2764023121045461,0.34210339579769317,0.6903305636618058,0.7272110522768134,0.4623403777585422,0.09262257714387517,0.9379017262338616,0.6415241814936274,0.17969109429088315,0.830893978257042,0.6922972503752829
0.37350088459074254,0.9528102893227915,0.5170777104084694,0.4986024918752912,0.04907961708431306,0.02852040376146498,0.11344749979336628,0.622735345731369,0.6528954132470874,0.7839868371612538,0.6920150573840033,0.9055703209779251,0.6325367442550206,0.21051678478889063,0.9327715090280624,0.2792271686025164,0.9867865463287676,0.36705778499313924,0.4692651635536383,0.6706834861783503
0.45714250637653603,0.13158944551419052,0.6979238119586537,0.33169179888656986,0.6475371232302827,0.8923778691828556,0.32338280024181315,0.48876978527910375,0.32925642073607647,0.44720468296710203,0.5624595780029463,0.875823791608068,0.10155393082546715,0.2398221320726731,0.1614615783252146,0.2974177365809877,0.2081919015183581,0.9769622571218856,0.7802354773892046,0.6645448555626718
0.6574748705488681,0.8345365725877064,0.49035274487856706,0.29835219406973906,0.5373963581076908,0.3726212557473018,0.41020970752830166,0.4130388275467807,0.16664922262227233,0.3026699072854618,0.7473427898236231,0.3363789253545334,0.7345148017705748,0.13198579502881097,0.4365846804861927,0.9152393546543665,0.04401563067693029,0.6504608065232659,0.17818364999471822,0.9217602158179315
0.7116239411708324,0.7040490412686637,0.5779063799333388,0.41765983760963177,0.9124828921565503,0.260059524491866,0.15335470113987124,0.7467849725748816,0.37347527542340636,0.3030874733275242,0.6658108126967018,0.31682315487068385,0.1944296278900081,0.9999999999999999,0.3061783991480769,0.7977148013224217,0.23251027724478265,0.4563383425003245,0.03494246190541908,0.9258755355074539
0.8698440205263993,0.06255997056980646,0.6340506856702409,0.6253079352148484,0.379415334913657,0.03613640941155599,0.08793331427597949,0.41015785420236245,0.23320197179018254,0.5075838964008743,0.8025946346425307,0.6535058709226473,0.5556009125309117,0.6459419905976461,0.8713447668441598,0.9905097477998305,0.9321260037312379,0.612359510186593,0.8042303712115074,0.2404404228648217
0.3906336204651335,0.0,0.5557701841130059,0.2847523417711157,0.9035602416201349,0.9508845000978206,0.46383996260925187,0.41166783173593496,0.25454419885012897,0.9551219913929511,0.0522792642285384,0.3998918133139108,0.4415453532938545,0.683060230916095,0.441498600847502,0.3544013114470645,0.8732869063585557,0.7807974962690631,0.6087106256262167,0.9953236783081121
0.21063003639312744,0.28032517257765777,0.22626669687580941,0.449892326615532,0.9452325719327567,0.6083327333304814,0.011378321739195656,0.6930876488641063,0.37107461307219985,0.8820427850033039,0.5720873636459234,0.9797782981574706,0.31914990925796555,0.017418546347314198,0.8754804437744919,0.4521334420704699,0.7987243261054517,0.1384857591177409,0.03534148636781914,0.856638808541905
0.7127967454147528,0.9743426178215572,0.3922223875542786,0.846910424558839,0.4910755098303781,0.5810503790534625,0.5556249084577862,0.9875916578002205,0.8785719806313562,0.8213155655136487,0.1752256551379042,0.43050910513961266,0.9983129206953596,0.08108350184818851,0.8534072587178887,0.15852713682691028,0.09940850281366376,0.3165870655837864,0.31107781204622337,0.5618271373395829
0.04188036947912546,0.9606248956296448,0.9479713786402207,0.886769517160578,0.8542629021410583,0.25371522894455123,0.4915746091704171,0.04193315001105525,0.8396709473567288,0.9723904647764544,0.12918417014464897,0.7943698108799861,0.32269621226097606,0.28548889292665813,0.2892035983750459,0.28618543580252376,0.09343206880489766,0.3318135604067315,0.7520774049549591,0.4354037617206421
0.5270923552578844,0.7485811852857777,0.6092033398170751,0.652925749907991,0.874766124518576,0.45846622891547345,0.489418636280147,0.1762477483545701,0.01619754400436256,0.7321809926630771,0.4221227685162296,0.026269972792248915,0.4838417952596523,0.9785192309076901,0.5951042711127466,0.1548162046321216,0.3568947903862112,0.42478378487717655,0.4895384326581587,0.1125895834551861
0.09312595402866947,0.3811374639743374,0.34015346343367364,0.9335469001758185,0.17693858934484885,0.5018978610862117,0.4258597722573967,0.0857924102770244,0.7358216616803356,0.7940206525456283,0.042261493771479856,0.876478841110866,0.839975131346431,0.5758521121789623,0.22049635824318528,0.41646565283896886,0.14301900432878198,0.6045011413070721,0.4755974843194559,0.9282744889123453
0.3642322296687515,0.6242543433572297,0.0,0.4146643275682161,0.4920834847599099,0.5134509726993756,0.6547622154071999,0.693119916044747,0.7703366507528182,0.38583532534130816,0.18690032375477822,0.4773492790899313,0.7511054640895382,0.29419791658226013,0.407609812127288,0.9673691624962553,0.7468359231606283,0.8309688906363286,0.2145552832696142,0.9286001258663451
0.0,0.24122796260724697,0.34148230345504854,0.6551330730010211,0.028677919772543466,0.8994703250385794,0.994802346232375,0.2882044924456838,0.2570267057832637,0.6258952537952948,0.25427281893907727,0.7712713432306687,0.363688792983386,0.9092975714193369,0.12828831477765548,0.2944231703081131,0.6853778028127989,0.7595829516676529,0.0,0.2226274363620298
0.18999351780470883,0.8045658832319973,0.08054926029047926,0.6711508768146687,0.11823948394107761,0.7582830015367662,0.5151128331813348,0.7368976918673846,0.7229493449926988,0.0679662212775763,0.17291712713097723,0.16288816121530975,0.14637544596898422,0.3011849262009485,0.2972945653466498,0.39272053484777164,0.012213098815653956,0.2839723445153625,0.5796942916204592,0.7263079878497675
0.021903955598853293,0.19768213933234743,0.0476363707842605,0.935864003416867,0.9514165778268281,0.8737247007024953,0.6974678961690207,0.7021525641878245,0.9732095717050259,0.5989685851478305,0.6917996287288758,0.6904815271004535,0.47074154932649814,0.28756584090405946,0.22097508466678206,1.0,0.043720522280428206,0.47590050634634434,0.828866802864137,0.8633663444704145
0.9517970860779039,0.12922271427212623,0.0058498348751041705,0.5141399662054789,0.6767737455854124,0.26076154454900563,0.35531980631374527,0.5136518658180272,0.48985697541568746,0.9297071360554711,0.6342491457223871,0.538045400008799,0.5181600303073981,0.262092012138096,0.7617350609129502,0.3135458332373855,0.6846451816972754,0.98112794409758,0.12836622283220084,0.7354102417196088
0.5367242279109771,0.13779848744722661,0.047611493255322254,0.5263157023064757,0.9106039394306146,0.28651398818976725,0.16144862000461258,0.2425337215751443,0.018445499741070626,0.17061905669077362,0.6511074871229356,0.7484889785966655,0.6463230750634968,0.5377156901357696,0.7350530848128383,0.18724362737957972,0.048752159357664075,0.9954282703976841,0.4821776790137949,0.39091369921582114
0.9940666312098047,0.1383959082885637,0.6934703086302655,0.4591388177866487,0.32150802034874765,0.12891064444240408,0.8259905467047552,0.46009907084845175,0.44528863818447223,0.12600413693007356,0.4807872680529261,0.16174421071076878,0.5110785164240869,0.720267302827323,0.06979969113873812,0.2766287209697834,0.36945878229311774,0.7752656860129996,0.6784363826849539,0.8964735878443195
0.9993121256925593,0.8714999231458485,0.8604871290657288,0.8744125963525006,0.8624039865066528,0.11320294218408028,0.731853055919455,0.9411143335028505,0.13208896948880233,0.15839649571411293,0.4257025897826782,0.015601354714709522,0.8693589127269497,0.5035545020873502,0.12785027584787254,0.7032429965960197,0.6129447042622259,0.20327816635406404,0.9599005905829189,0.9552212974685153
0.4029920666601197,0.5060847637941843,0.4019273391553749,0.5237638814269937,0.34967025390036316,0.03746407791823077,0.24761359881704426,0.21156598705424662,0.6414125325538323,0.3740613533837159,0.6439065615946253,0.6628440996307563,0.3130316041607351,0.9011422870238142,0.19056914402713762,0.5190978829513772,0.8133335601948003,0.4749712813425499,0.23610949587346236,0.3373462542484956
0.816731935177693,0.9809885535989716,0.43335476536826406,0.05939520859788839,0.059925944827530886,0.6057636698536555,0.4078910332644291,0.027750270824957506,0.5272350014894069,0.04379626302051816,0.007733182650603578,0.03551677204177139,0.7511201835378963,0.7287878694698227,0.19851558278385395,0.6514680820294673,1.0,0.4617634640778833,0.609483879055708,0.6256316441256385
0.672482729821695,0.9862867125631857,0.4468150845049647,0.35162261812619483,0.42095600060897137,0.14030804784041317,0.38753497977748835,0.9352810523268109,0.9264346575050968,0.10862661430101112,0.910690857956459,0.9280496064536357,0.5632864104911401,0.09025469731613214,0.5808686366303036,0.48009965064784926,0.20173295830973376,0.6155139892772002,0.5117742871043971,0.16267542012087904
0.14278536494523972,0.531862482985017,0.4431400812992455,0.8183526639522776,0.01881399746292246,0.9162059472322853,0.13196082726808742,0.748717867291187,0.9293365397271774,0.6170542093203032,0.5667648555414986,0.6013900106565915,0.8689749371378617,0.8141369339919766,0.5469488419376658,0.0584016575419026,0.15280921325297342,0.8163543916811736,0.35373531342231873,0.5926421796386137
0.9413838977892823,0.8102127296215197,0.9040232674556852,0.15391856371376428,0.6802661383770617,0.2769427334420334,0.8590256832542718,0.7331645027114565,0.16251495010144643,0.6327115667718913,0.9742926090860231,0.8513033019839227,0.12358543941696018,0.26602628242011844,0.20718220731528966,0.15670268388894876,0.8594365838001973,0.5265855175321142,0.8234734303443739,0.21558460954541608
0.9295063774791252,0.4745533124708693,0.2334154438444956,0.2521269343450779,0.24448936266311042,0.5435762310062903,0.399395210805525,0.7627834710336485,0.9060948983917724,0.5905742804543905,0.1870120059057325,0.23460786834198405,0.47309809151959575,0.6717064668333899,0.548031891023525,0.9283863368651972,0.5220487308555763,0.698252317076357,0.6018233981101706,0.6522531159812321
0.9999999999999999,0.7216107318042,0.07029053485891927,0.6161641072090761,0.2990790767508433,0.6318644916795756,0.08988732192236903,0.6798412012190264,0.10120314759997116,0.3563987271633698,0.7800934046093806,0.8209267215878849,0.6697178288614727,0.23264136232426047,0.8880375202358955,0.9921406562985022,0.978215103684421,0.6159882164386382,0.5398086652111952,0.7566630008993733
0.0622327651136044,0.9111835749186127,0.711933349190134,0.4284886685395026,0.9526174194618047,0.7832664529791896,0.812006244119387,0.9560925756514471,0.9256194318404095,0.1528877639659166,0.8217750577379879,0.7933334483114367,0.14782253900716993,0.21757984618942314,0.5854828304294479,0.5551841984735205,0.10110483693646682,0.6857503318061661,0.02270518429370715,0.9718765176692445
0.35434442109570424,0.7780979885375829,0.30530637646123254,0.19290880766302682,0.6478040731314872,0.9445382787083955,0.9665657241092779,1.0,0.18222418236664972,0.8086471698589611,0.1413461472189684,0.3471442851813448,0.9539658268256238,0.35127846663075324,0.4972658188279355,0.9289232346642152,0.5750620728178766,0.6292066743588425,0.9607348130958834,0.7994457038374878
0.7541639965150607,0.48087248960828144,0.9532935395643134,0.2785524999782275,0.8885917302917944,0.06796255082796272,0.46554367705327276,0.21602682085297945,0.6467928353434967,0.8446799969411407,0.19521634595669904,0.6745799802393025,0.11423922464223411,0.07957589734256625,0.6160234521122665,0.5343898697634853,0.6629097075438365,0.4585632374565491,0.7027308714263386,0.222459736150483
0.19254154315716082,0.13686306811311888,0.7178826215813994,0.9703312841869951,0.7627519280448827,0.8628907213202375,0.0005427038830127552,0.8427312697027812,0.33340967304945335,0.4848243769286252,0.8527713850357556,1.0,0.972232451718655,0.8634879420092271,0.9532246463892826,0.5177296503504488,0.24791158010235068,0.964038835421226,0.731567975612088,0.4527114749714499
0.3777792213099316,0.5739398632412355,0.9442227738344479,0.3419240370102655,0.5717086873893871,0.8939430722726273,0.3547982231064937,0.35242368539855984,0.2915657395932975,0.500987340390899,0.18448079251020028,0.7086806995062233,0.024479925099871597,0.4217330679383319,0.027063923504671832,0.6174692857336578,0.3746887961314875,0.9700648499372683,0.112251613647975,0.9221541843060558
0.04094026986462802,0.9111891404280853,0.6811615345604513,0.03208670268817851,0.5858541232955637,0.6541922612850762,0.712966111403928,0.260219577736451,0.8576946799992227,0.7753200012323774,0.88017335750789,0.3498078864434626,0.15686974845171395,0.5999390556512144,0.8867762960085828,0.9102358643393313,0.974638767736142,0.25647161566569254,0.37215791113190894,0.6423255303142652
0.5144885370565955,0.7903914717067164,0.8728258440685028,0.03403153125759255,0.8353957795433086,0.2602626161164028,0.5902805160157302,0.9426120088756369,0.4322880870847964,0.8657914731912383,0.21662795163714918,0.8329845090016688,0.27820221897258696,0.1417029045139588,0.7513780433207063,0.10801042881750805,0.1605356842041293,0.7492956483338358,0.8694742414449782,0.6909171146753719
0.6140926699225692,0.5254563005300465,0.7194069101742194,0.35717642067190647,0.0697797205360421,0.3373123234652631,0.40654960022060377,0.6725115815842753,0.17534891904906688,0.85182955886206,0.3478193414519091,0.2067164367341313,0.36011284398610055,0.6951806248861107,0.5411878858276227,0.8552576167488192,0.5816425669208036,0.058657637536837746,0.153558206674632,0.9098736738136973
0.6929422132261461,0.012165715871016659,0.00545629265459472,0.4720593548096876,0.908993924688876,0.34635157700345415,0.851268671289219,0.9011283002657485,0.6011422709080196,0.19892272351142307,0.465160340759703,0.4532654348426743,0.7980521837284821,0.8291406035578157,0.22275324942298763,0.5043815422394349,0.5158589637627187,0.257291629728418,0.38047442191928144,0.0
0.5002912268662093,0.9660281403907486,0.03885090185833727,0.24787939474829782,0.19499921909627427,0.11982641508308976,0.6270006051156896,0.8807577206794015,0.7196202158472587,0.07672311756990716,0.8749097011849563,0.03742829724485274,0.22485087220267386,0.09690268530187186,0.13168454649891495,0.25265386274638657,0.9770139850825714,0.953816702449187,0.2744594726369379,0.32143166803373185
0.9482285124385625,0.6806159161573425,0.21691882335709922,0.8413201835697135,0.24305291466742987,0.5148020195736543,0.3506215373182354,0.024022116469602332,0.8137260608704727,0.10098539881565108,0.8454176564473231,0.289901576067081,0.21271611794995993,0.5625608340461034,0.23127860272112952,0.4023022269640766,0.18940960384202418,0.5678638759075275,0.29725244274816637,0.5042912544317858
0.4686808446876503,0.8627513630288156,0.007879482644484275,0.16321656155744277,0.9386497943376011,0.21025908030282017,0.06103176907951683,0.7288840661543808,0.2573784710426724,0.3546393646140568,0.5827769999203912,0.8077586827477791,0.4342446613596689,0.006370178398230329,0.7918025548918273,0.3144825102996177,0.2624331853263761,0.03817562983180888,0.054828854663360134,0.8669778316188026
0.3291878675176133,0.7337668038732985,0.46047215011411813,0.23021456303601914,0.7736647339649119,0.865198709258934,0.07582621499530832,0.7524347943923761,0.40731742894834827,0.35012373375822375,0.8733051735859186,0.0,0.7920146663518086,0.027878191268405596,0.6170594955203019,0.31531206975954185,0.979715302371899,0.4167676772244282,0.9251444518185294,0.388627169743551
0.41728274323447356,0.8061260372574639,0.9175482566810327,0.8140137458515847,0.26969485383506764,0.1371854107098012,0.8090392782545343,0.05001620546133796,0.42059522947001937,0.9883381785380263,0.3209832166105393,0.7722653347282927,0.29956037552073134,0.47428736366758284,0.7957334102400161,0.3399867576907986,0.4121791426714739,0.207237324032618,0.08356228498833064,0.39727944329792125
0.6744426531099276,0.4898453517410707,0.1838165138106029,0.16696876551403939,0.9175219413269069,0.6742669321887319,0.22453036059524217,0.21197907834087273,0.007965218790419948,0.20426450097850873,0.06912154194678095,0.27900576573960656,0.39079198221196304,0.05403104559990114,0.243111240301288,0.7141839520361174,0.9644493432418256,0.6526498668571239,0.7846086085581874,0.31354241956918644
0.06505618275972465,0.47984304595913735,1.0000000000000002,0.9420117210270135,0.2501491553419416,0.49804321129441,0.4514960338110061,0.45564697310694635,0.5560437079643362,0.586205528145944,0.06768335768531872,0.032820969619635036,0.5834691215752424,0.5733364509962955,0.8088030584769852,0.7781035408325392,0.43038685584565056,0.3016928873399733,0.878303507343255,0.23925619393881148
0.3727370839371043,0.2548875074735137,0.4752142204386274,0.855086627434028,0.9122310239518305,0.9597099385795618,0.40925075353089085,0.953111129683464,0.7889077049504584,0.07343651177488726,0.5331700715182287,0.5941147230037951,0.0315228287590811,0.46238140940335637,0.10450696701496932,0.25577547207439066,0.04953323715883261,0.4693509682999509,0.5882148787238918,0.2821179922362908
0.5926813571048616,0.8537677726869367,0.7875448333870675,0.5816005308385721,0.9667678526893667,0.17821692417469986,0.0039949092005886234,0.5643566549018544,0.3930243013883531,0.3838205085946866,0.28182871963532047,0.3613958509883576,0.059744659548595265,0.11091572731844161,0.24992354269862158,0.5360011279083567,0.2555820957755316,0.4625217040440864,0.1561608628672733,0.8180555412439227
0.1539406630505602,0.11002770145187374,0.9871389011673065,0.031294037499935014,0.8167051876157791,0.5715628486686071,0.4452087314365774,0.7140159539119192,0.6786754694652246,0.6054747503739265,0.8131242841642128,0.6279884724536192,0.6474761254161568,0.008614874796790042,0.28113662432836634,0.4307345431952384,0.4115409626787157,0.505116485075889,0.8998287988361816,0.3233540285297663
0.8652991571881302,0.23854249017349985,0.780807427184778,0.1181207887797014,0.6874197116842204,0.5199949380459823,0.956680190183407,0.5470960571593212,0.3314384694005856,0.16236907207898046,0.7133229495462516,0.49407793436486774,0.27119820928748173,0.8831050232694041,0.2946538844350897,0.2679948285800735,0.31729576255555314,0.14332850652193596,0.4631593108673183,0.24879410096555793
0.21272168372323924,0.5733339605033774,0.8785360227897027,0.07365441703014111,0.19910588170962532,0.8073605687997546,1.0,0.7924866064813906,0.5499588902597331,0.09024506257470072,0.6989003945973898,0.34591919862545595,0.6853875268538346,0.2547878537257077,0.499492730727064,0.1248577093916968,0.6743473165762738,0.2725381978766989,0.12375774510419434,0.87489107953256
0.6343918226220263,0.8205868761942697,0.16308231707025864,0.38955244201895695,0.624898665133598,0.7597793914059175,0.24145493331350545,0.09050864343023501,0.3357404584110879,0.870453107239817,0.6013323896299828,0.5004930195519679,0.4067541068638364,0.6860869179514827,0.23019117743286635,0.20829092445799238,0.2144313411987358,0.9994103441247727,0.6157267136892488,0.24000415310170176
0.7171523133170324,0.5496051241392707,0.8857073775541411,0.6655899129610191,0.033950833580152384,0.2730336822328169,0.9820734766392899,0.41290694741630307,0.11083031314979103,0.7810411638283286,0.8719602246846742,0.5361049062596964,0.05048097972950618,0.46494549380790423,0.8327613223627542,0.9904334071221872,0.729232844607322,0.3610116641246648,0.2489162085295015,0.9675339373795191
0.3410154872085576,0.7503338624243765,0.21265877505659003,0.01325780989711985,0.6630723782993339,0.994018511304982,0.4400113073299926,0.6290100678272549,0.5308024925378275,0.8519882512085496,0.10148103838526902,0.7859992435366125,0.8998038349004212,0.10630869035930225,0.7227157801361094,0.45516468107081204,0.757940514189133,0.5265946224115369,0.17675798560126027,0.7998859938780548
0.3290505290059319,0.5221190952476997,0.9762508208516142,0.8707853706697704,0.375780970411508,0.8762789897797417,0.6552375551958465,0.17806535564475404,1.0,0.1981264796535199,0.7493649496354895,0.6661493882090507,0.33878000374189027,0.3592944354917774,0.5529305884533735,0.4918061109413163,0.3008722430333166,0.558701105607719,0.693315348754076,0.19328567598948115
0.902741219149925,0.005307802309911767,0.25749468034105527,0.6923316638912445,0.32352847929660805,0.0,0.8957084084296018,0.5226732469451295,0.055551530199762056,0.7821700473987501,0.45521333448786055,0.9177928456103019,0.19968899069624022,0.0034030956066566417,0.6181049356802759,0.9431489236379577,0.09396484873137106,0.8301320942881143,0.5960854282569003,0.6678222530795499
0.4127244973453729,0.11362642875617056,0.24398958573317092,0.3961971198095631,0.30825648658367844,0.19409920201602332,0.9797649485238334,0.14967657711796295,0.9485014758101138,0.8839148618400688,0.019694734309344243,0.7148501891687407,0.886587010205971,0.004368033608971663,0.7013765728900915,0.8009288900446637,0.42512564864571506,0.9065708585020716,0.19592239156616748,0.34583334692040435
0.4766199841767344,0.1451444012763176,0.1749329636875613,0.4426896964397642,0.2480446038415011,0.5090002868425757,0.4845054644302575,0.286648801433227,0.9290215892287168,0.9401620537729322,0.8344723455953367,0.3809587426377808,1.0,0.7023744573569789,0.7732774482024,0.3204044422337148,0.6863360701121561,0.7574716507096071,0.35445481420317565,0.15344739767821827
0.2068738181136429,0.19166127774975772,0.09994073231656234,0.42874161281892503,0.4913668749960201,0.1790079226293658,0.6371468753251904,0.26649602074859413,0.025901667476785403,0.2537602268817166,0.5183783636386188,0.034469178690176516,0.004240283852602692,0.0028619297487700694,0.16712893506522894,0.452593420215334,0.20155415331183685,0.33097019853710435,0.8522782394021178,0.25927258020371063
0.27186347261792915,0.6336191137074575,0.36798044221153553,0.5391977650787791,0.3827486348734114,0.8763639337985623,0.7493654392407983,0.737263923010707,0.614431765392247,0.10732585792906983,0.7322284120940437,0.5325404497625633,0.9820009791492738,0.6655070307015039,0.7926013791828799,0.017839628510963525,0.5430535726648833,0.9186450734495646,0.48134107466010395,0.0871383147248779
0.6630106656725413,0.5675192882302028,0.21604089024522663,0.37239738109937137,0.02948862690196007,0.6220336169107344,0.47142263477638663,0.02173607038852708,0.13337141039970604,0.46102402627529954,0.12414951520224812,0.25465800049897014,0.4500006874076621,0.862370801609072,0.21107426997607592,0.04038585962020786,0.720196125080984,0.5267948591883804,0.4229880603873811,0.5403386969105604
0.341035897865541,0.6136144661531882,0.6033579957492576,0.32144426251997477,0.45002757897165296,0.6770365348034373,0.28200375980536674,0.07589248613930372,0.7612852295637009,0.9286256320229588,0.07803984275554512,0.26702318459378,0.9078063790734685,0.4085343775781606,0.2225461233581884,0.04506213745513894,0.18985495168311647,0.5713737679664509,0.0637501068688405,0.47789915505219155
0.19831715099194527,0.6303710618242975,0.3835645511080977,0.08141211494089347,0.006643059538260946,0.23790845502490027,0.4016739430531799,0.9683844901353075,0.9825644304757241,0.23018343542183414,0.3622868034273801,0.0020915224513148685,0.3909559315857752,0.5958745675970563,1.0000000000000002,0.7570175932142192,0.7282512741004293,0.21791858416235854,0.6466533026058715,0.15779901987542397
0.26976340944080407,0.5007488969509686,0.19021733518400213,0.7735163979925094,0.5837895014135045,0.01908161835438265,0.3589969697987917,0.16452525531881934,0.3420451426659531,0.10634464949467734,0.6381052252853187,0.10765372438168079,0.3373060930587997,0.3679155281163493,0.14147832214274086,0.37025164814585154,0.08285409888545933,0.8472199795620428,0.5917075480609082,0.017893676217524107
0.094384792076857,0.033945838216703134,0.25824560192257096,0.07504800824616487,0.11929452389151007,0.1121243988326965,0.03566210012997627,0.704241852157523,0.018184739974898303,0.0558053774664674,0.8881857822236056,0.8933530486639515,0.2660431970233147,0.12170326335416506,0.0,0.22585966648688002,0.06538832035846917,0.16056947990077522,0.213884853262388,0.31460912883973224
0.7137576842543845,0.24619266867807738,0.8556864664773389,0.16510868050340555,0.46773779685534006,0.014549221332433757,0.1599007327323751,0.05191427633556528,0.8988875859024198,0.057212147550471826,0.6757445481542319,0.03510440116451266,0.1368640431704558,0.7705399285185678,0.8335107567946411,0.8395611997277757,0.7233030031109704,0.6004262701877059,0.395170254519006,0.4694878498842125
0.9703467004749614,0.5958736933210411,0.6005146255177217,0.27181572371532203,0.056585827888656806,0.8894215526117296,0.6313257288178026,0.28096697900301376,0.5322494167596594,0.8146319067576003,0.7074249666545286,0.24694024131696615,0.9717810077229279,0.9675694536293197,0.41918017303246,0.6883463598552166,0.8067842830733926,0.9889276118268673,0.6748474623081246,0.2972619516198115
0.46636592886024963,0.376308727834219,0.33940594835354715,0.4516171737093928,0.07155895519333148,0.960186205890871,0.32260163530858654,0.11843248575145991,0.6371040060171945,0.8697237140756876,0.9649878431887677,0.3467900721062666,0.9062129313953702,0.9348460796959859,0.22948885006696787,0.6104411440263247,0.13916954428239853,0.47349206296487123,0.04564156800897359,0.7209845340678347
0.48054079521139637,0.5740535209116777,0.09070353061000337,0.4859271901637539,0.3530973637933882,0.7639494495841124,0.9119321296076816,0.4554723732410757,0.1703671611555505,0.11169994985393392,0.6369862169770607,0.9331957185541018,0.15528832318819588,0.21559676335701145,0.4651001643968462,0.025089339764257937,0.015925089951172984,0.33166683898074073,0.9720284143474865,0.9930080210887711
0.5828146121319022,0.5264288442007552,0.8832355788498839,0.18033159971454854,0.8430369592176274,0.39726381437012037,0.31295086633389174,0.581850777238293,0.5911556510121606,0.20352558971861226,0.31290700096842883,0.5551345864274362,0.30263414974988856,0.17973682840455268,0.9265522079195838,0.612086956453199,0.1013448071034686,0.48758604204263817,0.5382042084280616,0.2858709168965971
0.2676145111019532,0.3784486586790082,0.8735236073662015,0.32616977435297956,0.16222766746067807,0.5238625452454462,0.39043809418688524,0.8432037038862508,0.332701732939675,0.7402517939416571,0.8269519969485597,0.43130712794721654,0.6316295654101954,0.45629584674031404,0.39547704406579637,0.012024671740814716,0.6999024392181716,0.8136771586362035,0.5590276041201319,0.8748765919023832
0.2602918303206547,0.027130006554206505,0.1895642323226349,0.2526212029612718,0.19536096398359543,0.0354891131774891,0.45143033212384764,0.3913599898525176,0.9525205303345785,0.9422236112382448,0.15334606866406764,0.6061524969397573,0.5532605392321838,0.7751324997231704,0.7369165164123213,0.47377652698233585,0.8889317709356255,0.3189021183835689,0.2578952161821912,0.5936004327911388
0.9413296218045636,0.1043584845544272,0.33283626150232554,0.8931015900537745,0.5999356551434871,0.9419346850081393,0.4829194972061059,0.18819883441582727,0.761424972592994,0.34364984738882753,0.5327207108675267,0.9477926647612885,0.13849136645024385,0.3157879347838482,0.147689654287111,0.9669328885956854,0.3273372965625174,0.6646452831667394,0.10071179812085138,0.8221104204715804
0.4189238120529237,0.5751563731263261,0.9706374149413962,0.30386433700561694,0.18165480958692293,0.6427682015179031,0.7032795112596084,0.5194262194158825,0.43752920248081084,0.4761815555883936,0.8819037722633347,0.2967015151114567,0.041675469511242305,0.6737074879714421,0.2800736999470312,0.9206232705272535,0.4376080456904959,0.7815560747617103,0.8645062318528502,0.4883005184286746
0.8236703981593964,0.8190636722674988,0.43060278164834015,0.3529582919872575,0.6537260884986695,0.9672280733653024,0.10059978868551323,0.4824855546908676,0.0705823429427309,0.4557422092725152,0.5537845918021407,0.9892190462156997,0.997997696500466,0.6349085344068772,0.08303690284688177,0.9692967623021725,0.6208239212973629,0.0766415579987963,0.16974754456555444,0.12053065320979059
0.567896672833719,0.19996371001142804,0.43810450056883293,0.5665256253227355,0.6915145723425836,0.06561936792052414,0.7560627059182674,0.9338798045859124,0.7296711265319286,0.28987241828781574,0.15096040874053013,0.6425906705284649,0.8287653432542055,0.45989014996751343,0.8821383220492532,0.2939781632617981,0.43291035560700275,0.27141282071322526,1.0,0.3781989609694894
0.7157926530706114,0.24742240283943173,0.26576433432434177,0.933001861058759,0.26460159015525203,0.595279595489167,0.24649879149601045,0.6438637177339389,0.15020833066764053,0.5525641721574954,0.9592005299110795,0.08294231282452834,0.21921893973946743,0.2394585807180896,0.5918848292359327,0.0038980408892770966,0.9953485283863883,0.34633659317035825,0.2085785171286176,0.9438383266503497
0.7258261800218367,0.5082665769865923,0.6138354075822129,0.7404932614827454,0.649007532823755,0.885744587198339,0.8226318332496948,0.8746129290276465,0.33878868204050877,0.5021412178847307,0.24503482036454202,0.20505331539853094,0.14007127890581988,0.9504818771154551,0.7215754003952243,0.7072444871133441,0.7319852894836306,0.3633158709240987,0.3596585208479423,0.04147822957685224
0.05303281733481768,0.6610531038760868,0.49365025605717366,0.08410245488528217,0.21458489931993963,0.7692106320234766,0.09966896908887633,0.5211924531700394,0.3678335843616774,0.5204605071485369,0.6315835818176189,0.6369449092656899,0.18582140758767568,0.23083609374230984,0.3523160747573308,0.4703845047193663,0.7025720167502593,0.7860596249723513,0.7764940166602017,0.36952294791972273
0.6191555407711896,0.6124984108212792,0.5471866988698497,0.9172798588551513,0.15839123137557284,0.7741901418808738,0.8937913974258929,0.05269380843507131,0.8485634482080137,0.66014775837525,0.8102826592625065,0.7296859200219035,0.3305075250083217,0.5731369058342866,0.9876289636058552,0.35594935360121,0.7327704989687135,0.162255630206559,0.4006978393053934,0.5598066475995732
0.12398037197625832,0.40812749754592664,0.1991498907994823,0.12271898321502252,0.7952420653782579,0.925209483554861,0.5961907748403293,0.3646490342576154,0.4081348594381638,0.5486743246652651,0.9862052010333903,0.866914874341579,0.7377076783096627,0.6316618435576126,0.7338030261296397,0.764630497345956,0.12030829497150713,0.7390941526879995,0.932992040857532,0.272613008109301
0.19392565367049017,0.5787978082364061,0.9081877519847849,0.52258471318614,0.11891066744074485,0.5333586059581269,0.1359067896687911,0.4933261230161848,0.05226643325927879,0.4065370155722714,0.7615746802000918,0.6004645504528049,0.1140271569430428,0.9071925159663449,0.11402236423737272,0.8920952463221297,0.08127495999423576,0.703759028797231,0.6178163071294902,0.675585499785962
0.25776089079979464,0.18407302446731255,0.4437980421489988,0.7319607655010729,0.9608261348222512,0.43361060250987854,0.9116016305560362,0.3179365045049491,0.08130876297782788,0.9307032856810716,0.6027108821988517,0.24234167719654057,0.3686800153217346,0.7343642236605102,0.41894040341145156,0.3735474597854787,0.4917325977466876,0.5768760278518037,0.16610079229145044,0.9574022784996891
0.9119492088134231,0.639494952125904,0.7082731430636241,0.15898368234676818,0.46727046247302384,0.48251575468416935,0.5200775918720894,0.8646434560811644,0.261839937357455,0.8201156283351538,0.9106907512300177,0.8771248949683504,0.7607917249298934,0.42268266771577323,0.07988946072730384,0.5822277167554073,0.45443895431617015,0.26199678132446713,0.9959211299038415,0.35351622774233693
0.31472734166592237,0.13429575372149122,0.8005217357141109,0.7566466834265793,0.9982896837580626,0.20439440822993857,0.9396288752061962,0.748749293873632,0.35961045613989506,0.5300394965273969,0.32628591899534326,0.8419584614064548,0.09009089892706436,0.6987997363719982,0.583985841769122,0.731897065849952,0.037862450659272746,0.25702806409635454,0.9875033361395184,0.6638867249952246
0.5037887574284978,0.6711611342984619,0.7881195497811124,0.7001016263199364,0.669819225409561,0.8300420217386282,0.728750310684569,0.14503019163328446,0.45698747560004804,0.5418451982985728,0.982351820159717,0.4138614727127891,0.24001814998896834,0.9332714435914422,0.9719147197742666,0.12713666601181098,0.04659416057683344,0.3484209392578159,0.5928848998826642,0.9744173217996498
0.9749108686901122,0.3187851371862565,0.2248284059832255,0.8344247695367586,0.47782707689922943,0.8546928515474057,0.16773749769774793,0.7035066606251883,0.8012969833470936,0.6699598915202648,0.719660046335666,0.9680391117922503,0.3228010702531259,0.560306763714645,0.4734254504964717,0.9626365021543938,0.32138860774603933,0.31546219337195963,0.18992687120431387,0.6206389019471864
0.4376859729209589,0.38875965383737415,0.4859209833019314,0.49433335333289097,0.22282745457212572,0.7437516125081214,0.6354110443075036,0.9254282480906987,0.13794202704158798,0.16379798192902878,0.049680873662930475,0.44647854478601573,0.9457413245765215,0.5013712460696119,0.9365444907811055,0.11084470967011263,0.1517133568221391,0.2738400574507112,0.33857147653959185,0.20253969464327506
0.8288551682791221,0.8053648471833927,0.6339273060881406,0.11594962302366621,0.7079278201528147,0.38696004425805886,0.13056626796978493,0.007251506328388779,0.49953954730989175,0.05669126226133617,0.7315071373270406,0.00440097472108012,0.0,0.0604071085925056,0.9783890703134643,0.9759263808743076,0.48420811952695547,0.1928801335384492,0.4846810723297297,0.29612852769840986
0.4356432007430075,0.4096062115344852,0.34878853084193234,0.8526567282768783,0.0654538390799131,0.9449052424970195,0.9314857148736914,0.9070577673488142,0.37147972186652123,0.4130409550001688,0.13454646391632222,0.07097903709870022,0.9081378717769342,0.3422582933952771,0.7206885547088109,0.43201740711115305,0.4767833990443597,0.5168797166619568,0.6091790879177367,0.7030026883252903
0.8886843816420457,0.8365415693169188,0.19794944585918428,0.42285641472700475,0.4343855481829656,0.3039561446771252,0.4645102825115035,0.31742156430843943,0.5086109366076593,0.30068278668102827,0.5228448786714173,0.07573259586328324,0.26571721779096735,0.8461031211229764,0.1203270810513463,0.5347671945908173,0.11428919858097908,0.23544394593794962,0.07051181582215037,0.6920768904384699
0.20303670992759093,0.1442010832383379,0.5576416908603602,0.34858349359246404,0.6805282308443582,0.29232461153588246,0.23506053314356967,0.20720298275363155,0.24880489164170932,0.5702155164172422,0.167218157158827,0.25692608982296894,0.05125970211864835,0.2974958585445349,0.08122279855607868,0.4920307243013647,0.11165084721296667,0.9998846602695551,0.3310180018880974,0.667872287511468
0.0812895941478918,0.12091018386939603,0.2871009245133782,0.7732358186497458,0.7922047093144472,0.884384097171533,0.56361115497889,0.5235366252492809,0.2907766865544978,0.2917529942367525,0.7584802367944251,0.40770283490585435,0.8999153972554552,0.297459354318469,0.5747206758662229,0.18419198312695217,0.04491219158034582,0.7775558624322121,0.9080806223379659,0.34365449715944657
0.3564130461418031,0.9640002472415008,0.13200238887463686,0.3347016306847261,0.8781236143726767,0.4139574864249283,0.6018252260502788,0.9358201522291709,0.6970830460469624,0.2852809702718015,0.7274297852060827,0.8644084895603261,0.7441222343409001,0.872059149227857,0.4805249485970846,0.22679998678212535,0.9568723220572957,0.6600567709742137,0.36041279023157624,0.9411707861532429
0.6780576818048962,0.7815272717624199,0.17528971348655104,0.1258681327516472,0.6786291179064846,0.040844631352792454,0.21173393676312605,0.08937801884418921,0.5232010080590127,0.9712498149749266,0.8479121628671076,0.1453963649875824,0.4412993348859292,0.45120923026294685,0.7582781513712685,0.6629751314286435,0.856224694842925,0.553134237748384,0.5117564497889318,0.49881755111849146
0.4612515352177603,0.3789350861801441,0.7107328735470594,0.7073764376611084,0.0,0.1902581741093094,0.46363846749732945,0.49633675790869186,0.404103218959411,0.9378391818096021,0.7413878695527175,0.2063449667298101,0.9365419945293959,0.02533820854927461,0.698747523817685,0.9650851323802299,0.10260770838323438,0.9598742815948644,0.3857124435760096,0.7127296244009066
0.8964534939651849,0.26690115888632027,0.6708841688299834,0.5312193359887823,0.47179527519856523,0.08919439452933735,0.8474738387407398,0.04547081762217936,0.9024469638420527,0.3733923005575086,0.13467979129804286,0.011873572399147922,0.6645286759349452,0.4233959798237677,0.7001969625846739,0.2033558867849191,0.16691312806869615,0.9999999999999999,0.9449420116131401,0.5173436329058538
0.730846043643516,0.9425032586597061,0.2849066902184912,0.9978709635583358,0.5206956676370714,0.7846101562314618,0.3624686505506863,0.7620970697604561,0.4027294151137796,0.8761019502830797,0.6571656623165832,0.8501609458416362,0.06528105846649626,0.5106993537933359,0.6727810862197748,0.8380028153443015,0.12596027384185593,0.5583116850331139,0.3906728565737996,0.4058717304757606
