feature_2,feature_9,feature_11,feature_13,feature_18,target
0.7176569065998146,0.5914937393757933,0.6530096899358186,0.8871653050297422,0.9103848027715796,0.8588661507874209
0.2597927738622305,0.0948929881401679,0.859297976371824,0.8107654275014525,0.9348334525117122,0.4083326254303163
0.1291891288783236,0.1715917413302715,0.5788655756778464,0.0264480865949726,0.10940009793035,0.2905433785354954
0.4498734128956092,0.0424680368133951,0.1172594752503418,0.6560788614345053,0.1465166767536996,0.2031025413043567
0.7722883505508462,0.6424071333616239,0.8974799938760187,0.5714784448052525,0.5694064201261636,0.8210213601360593
0.6542094059265874,0.3919313690205527,0.4557874738309349,0.8052835133026138,0.8203849100030264,0.7027842916593978
0.7992015744834544,0.1079106199813857,0.961384341515997,0.6662768695527118,0.0568173076903833,0.6416381276016699
0.7359117880545533,0.8392803795009156,0.617079074766342,0.2558065881034533,0.6490897551421083,0.6114630543055883
0.5414432929223402,0.8820361419429443,0.8482962122055958,0.9348860935622214,0.3987753289964086,0.5648866230657172
0.0717850043931478,0.6081541739978513,0.5880793661357936,0.603529661436558,0.7172615567404298,0.4642293532837557
0.991964461332404,0.1120876564062934,0.7163726167909351,0.7333171165150754,0.4226437177341536,0.6069912959621495
0.7749225622942597,0.6493492632281047,0.3573935977335664,0.925386643616172,0.7025254981981228,0.7652492635800902
0.6750155295137197,0.855212511723756,0.8585494055582479,0.1169003859208629,0.1016218962439136,0.6347514335377308
0.634011842319072,0.9551839592158914,0.1448320023838711,0.8987207787622196,0.1733335051584803,0.4207341313407655
0.6573272712515574,0.3449831330762231,0.4900300960523393,0.8678117508642222,0.6673912254293787,0.5640578767157746
0.7014514509649106,0.6877756246707272,0.9795982592106396,0.962355627242418,0.8058256276911077,0.8460452087566404
0.9796131106651595,0.1692800606931856,0.6451940059757747,0.76980155488981,0.1830166208114891,0.6624884674710351
0.2390155423728473,0.7188832818867958,0.9279908941108655,0.9263160300290249,0.8034345617470091,0.6782732757078179
0.8591519583409397,0.6759441571338358,0.6747799032703095,0.8895232712432969,0.3638241763982506,0.8203764468078462
0.4895244031276748,0.0085712464369534,0.190418031179053,0.2262315937755861,0.6237269772172475,0.3230069539184562
0.5768071619817049,0.4410751726108122,0.369869584803024,0.9482127692364936,0.4411842307611071,0.5714191028219351
0.0830574717046423,0.5020285954604473,0.9484550352831084,0.5109670243030127,0.3814104284636843,0.4775005308330722
0.896070998487098,0.2865446125035789,0.4958178975413372,0.124032319254279,0.0582943695661245,0.5796315368866991
0.2114122479102843,0.5239478202130793,0.6693565821992161,0.0664874227384693,0.1398132707862366,0.2807267283967992
0.5111432240777694,0.9413047045307038,0.4415102560786324,0.5075963012959438,0.1215678561577785,0.8072105211853482
0.2935557429105779,0.902558453884988,0.4969598012829993,0.757440314985535,0.6011507305184353,0.4655535512265889
0.6805766382639573,0.1104382993105764,0.478363350642068,0.2642163887672224,0.5454303161243232,0.3691831895488825
0.80257559986678,0.4407332290131661,0.4138028359470678,0.1584080262283934,0.7667834161173745,0.3899210172162807
0.7695134831998272,0.034002678886494,0.6898439905762564,0.0243708760675163,0.9186328224247332,0.5432127376756917
0.1524297495070074,0.0788672566779624,0.8859757145559262,0.2328293403334597,0.705428143163202,0.2836175247647695
0.8491402168775737,0.5349688654397605,0.4601525414559623,0.5658986052975867,0.4937571816766313,0.7639934159843443
0.3201234671265386,0.9656347904676628,0.6317304702618466,0.2908348642823207,0.8902523047476096,0.663089400366553
0.7046017416943512,0.4167968723389258,0.4882729043685944,0.4395899337570669,0.5103093176830037,0.6099794522053228
0.7905698409787932,0.6710566168777494,0.6013962332076913,0.0217984299364031,0.5877085252658975,0.4616293144196325
0.828346583021602,0.5074626607418609,0.5819359191858974,0.5919925408330753,0.0572217144690038,0.6870842164937596
0.5241934099892465,0.2356542345109923,0.9948806139951974,0.8384674365475042,0.0541866613698536,0.9247901172690984
0.8032489079088737,0.4368826223747044,0.5826339274577044,0.2578961911493001,0.6221254334599184,0.5922819015223156
0.1534950825401073,0.2113389169677267,0.5721100602925632,0.3825267909923853,0.6786731231068472,0.3392881492283129
0.9359287212302844,0.2773713421078176,0.9504826702383832,0.4847564619186497,0.3311038205625261,0.7366573792136893
0.6559513230353679,0.0729272854558888,0.3577007547956989,0.3785474976492933,0.3640063896254347,0.3899591363741624
0.1039873639102398,0.2948793107976304,0.6275163724512098,0.2282210887881249,0.1962533893831464,0.3773306025277748
0.6869717235308722,0.9754740641474212,0.3418724069199895,0.4285211448059617,0.7036379509424785,0.693717074673714
0.0620438300643068,0.9659219849058238,0.2023605448902392,0.1947202295757981,0.1329821092840774,0.37769522989609
0.2937792381528516,0.0753599952868925,0.0064944866951655,0.2889610222566998,0.0244150245289521,0.2675452014833089
0.0531205183339517,0.2640675613504504,0.2965312407920031,0.1943312736608162,0.2888257185527407,0.1349191128367574
0.7117963596875918,0.6710493045832132,0.9803086091321832,0.9878345117678452,0.455721904788282,0.7416190073894378
0.5152299737218792,0.3922250551865548,0.9212731607720424,0.304637661363105,0.1406417147994711,0.6042169423389961
0.5410701191445687,0.5939925061588126,0.8016508136067942,0.0728246285506962,0.4186428784678898,0.3866131607390629
0.6702361156786584,0.9360983378831548,0.4367341620327492,0.7717353706285894,0.943083592363434,0.8381170071184656
0.9243060676429832,0.4913264200844541,0.0854418081845155,0.2654043194826638,0.9415409724494792,0.6013064312771794
0.6937834165474637,0.5785584510757239,0.1794018439527878,0.4893294972947828,0.5118769923599703,0.565904816892808
0.4189089950251793,0.1764754293643447,0.4445740695279169,0.8032692223008084,0.3727494068283989,0.4222659612850155
0.0850331685588439,0.3467241114382065,0.9024585524680734,0.5293110852705682,0.1516583375784995,0.4118756335322652
0.7245962538275834,0.0847095489861582,0.5827650795844719,0.734201611489267,0.8369340802043279,0.5650199683495675
0.1650078915995775,0.3406320222529959,0.6157751818883905,0.4849240479630627,0.143658525187252,0.4170115040162016
0.9883564602711006,0.373104631777123,0.9836413595358549,0.522871103263227,0.1448075303000238,0.8621215838370959
0.2291090560273905,0.4326887271421019,0.0135926197891009,0.1002901394890694,0.7931484199524449,0.2181184528880426
0.7977383456502916,0.8464935186087545,0.1809405242257002,0.1524710042499884,0.5842745254372177,0.4421614694290552
0.0394149321031287,0.8984648634855655,0.9569415219735758,0.4120287491454579,0.85048260012794,0.7829265653419883
0.6246917948250968,0.0609139572295594,0.6880889991727206,0.1744884751327002,0.2902723995905678,0.4624701273805591
0.5704833242308001,0.7980415154663199,0.014982229668664,0.3381572222764076,0.704342976812707,0.439853856704305
0.1281088591732734,0.4343405986910978,0.5910375194070394,0.5514042631885766,0.7412083011688316,0.3586517360685451
0.2722271661585388,0.5894216854042437,0.987215654606136,0.8451269112679791,0.9764213486300048,0.8494207140999264
0.9255562335812684,0.8485878586440027,0.2330705429004862,0.6246208636561109,0.6147807797605594,0.6751412047893389
0.3962583820560557,0.991275607125622,0.649175279089313,0.7700169260192571,0.8523424226855951,0.592740864268952
0.7575477547676135,0.9296713371544244,0.3292001845588891,0.0288479125535538,0.6183425284200964,0.3148526089011295
0.8578275037021933,0.7374343686444433,0.2150409669277136,0.5200457786651433,0.5900006155890588,0.6819862969436934
0.5954119629471726,0.3530002031334456,0.4970780003081603,0.2711212436022062,0.7537461503264693,0.5296016077989352
0.8185210371923791,0.1676941290683392,0.9696402822108168,0.194460021292601,0.3081762580891571,0.5193335156471629
0.2925203314101879,0.819036756764272,0.3092313036537498,0.95964722918072,0.515640069879692,0.3812579518876965
0.1062620551947963,0.5955627891963191,0.741171871723616,0.1753721800121826,0.1564497659470294,0.3478581377855897
0.9600998907882116,0.2637528309674178,0.90269848970878,0.597807139994744,0.5264945190140942,0.7397679517880075
0.915319060681142,0.9944576193683472,0.3322221266536871,0.443328406989417,0.9051708432145716,0.8416131998997785
0.3375860241268022,0.2607465059108655,0.6145008336386797,0.8593111604236779,0.4296817922242877,0.4762430936929252
0.9406232578356752,0.581931764896553,0.8271443815102517,0.7222286266879903,0.4388603824264471,0.7935623165875773
0.322350205348261,0.6884226537811539,0.1120102323382556,0.0624217166843966,0.9451654306063416,0.3676874452368642
0.8185076932827984,0.911210467090942,0.4785857709483189,0.5789475566660192,0.410798937121463,0.7446356152997221
0.6535609726616172,0.5274741251791064,0.4515483798790721,0.0294224121379611,0.0563353165182759,0.4597989259986424
0.7074763806801331,0.3252917156225079,0.2934591887589053,0.9179573440417448,0.1849552489775108,0.665302929419463
0.4293483918534059,0.3479235753255515,0.8092569141315911,0.302613686112931,0.722960444674782,0.4960049832016223
0.2197730473504478,0.998827339175402,0.1236477960091586,0.9239757057300744,0.5950882819806534,0.2067185513378323
0.0735250384098327,0.4300366518979307,0.116634487883521,0.4922920934271584,0.9065700600320042,0.3418627053249916
0.8179932346372971,0.822154875191343,0.2744683257278146,0.3700680738358395,0.9409768593572304,0.8407908259953153
0.339676612239699,0.1884648824216535,0.7900753355381741,0.486331517935527,0.1535407734827451,0.5204783364794436
0.6568751684951033,0.571613080227411,0.0680621169654738,0.5790000898390326,0.9416545096075684,0.7469756673301022
0.4099587770758142,0.9940294187147272,0.2561679061664244,0.2661541142900741,0.6087489292683336,0.4912782943781139
0.2003970701358659,0.1837697642451776,0.6802452867831661,0.9521712398421034,0.7766403784086419,0.3953252776407073
0.4796615324033472,0.0928406675493374,0.3264666313236053,0.2818156672208776,0.3019176210694446,0.2927784214449421
0.2493437285662612,0.2667859011683378,0.5832734720357016,0.2087733032754004,0.5479297751551283,0.2164192693856952
0.03899379870554,0.6753834724251095,0.9689462382483688,0.8138745570090762,0.9430296636800598,0.6591086313393791
0.1489658295939049,0.6469787999568025,0.0116202484692556,0.5967889819382054,0.6892776039468549,0.378364358531904
0.8702097003993631,0.0958057297321502,0.5829418418249346,0.5863779393457899,0.7542345674521954,0.5570701747114438
0.2563448733323732,0.9377630315980016,0.3516476697821025,0.1695544286300653,0.991602394398556,0.6525771782270953
0.1415626594207324,0.3586285742586949,0.750919904204394,0.2881667670838177,0.193858695603065,0.3610151335176459
0.5513903986519308,0.6694981789684309,0.1775621989253504,0.6909981759320409,0.7788409447450428,0.5406415953034222
0.3644061836716655,0.5024393771540913,0.8576101259431783,0.0769962155835342,0.35311635844952,0.3194535816590544
0.5768375993837735,0.2818392872795712,0.8577814728687263,0.9835155381267484,0.8390452640069529,0.7353750950518261
0.2213105688198272,0.3521986784020361,0.8289224249223787,0.1087467375495846,0.5815566218153467,0.2629019619582042
0.9050729496339904,0.1486840458758868,0.6587841048595557,0.5729331610597337,0.566204949040243,0.5046446102397889
0.5064519503669451,0.1546486919350629,0.5303020913424493,0.8816785621921532,0.8956758885233265,0.5326647081926229
0.4819968669268885,0.8276868608874205,0.6705152455204832,0.1202582977337918,0.0374551389803891,0.5797174835050426
0.9511942101986988,0.6378543147199975,0.157061717859035,0.0459204113109405,0.660650746339169,0.400182608744446
0.3092660986638865,0.7992557285124836,0.5995976632997412,0.2602154312251427,0.2230584881190248,0.561159115742669
0.9091437913848412,0.3923712782463761,0.2003234574481637,0.2158790958165386,0.067088695952714,0.6964321352242862
0.7032476278702948,0.1491673064381733,0.2157916770600404,0.9204329197495243,0.667188624338204,0.4399170313172948
0.6533504242308649,0.691402794395602,0.9833324663836388,0.4792082554770452,0.3774815941709035,0.7284920425958994
0.9629508368288104,0.5160185954127328,0.5642101385561726,0.7250309448898946,0.956433069414115,0.971517906121269
0.3640656573572172,0.9705892015588024,0.1996206489396336,0.9543419558203328,0.3587444837107265,0.210334509320857
0.4163632622230314,0.0079994185230718,0.9639053701760988,0.6711521224022988,0.6273045917228856,0.4684353617312828
0.3232514085685407,0.7858421595479571,0.7539860029837139,0.9402682412864648,0.8879789446294808,0.6706148368844774
0.5944257588199596,0.0556429379790641,0.2965432911979596,0.8025635464427102,0.4397447625839185,0.3605644918113073
0.1799641852460792,0.7403482547661904,0.3584332929152538,0.0767463650257572,0.8416059187631356,0.3064833917016462
0.2045898813306793,0.9523187646336828,0.0736681042596845,0.3053116943678486,0.3114631053807122,0.3796394358285353
0.5411592357972148,0.5216049917314196,0.8760634448861109,0.6744026699074342,0.1792477924185129,0.7597428170726015
0.7682644157713802,0.4843961741709147,0.4368265404794496,0.2775233115500827,0.3669302433861219,0.4634578713354216
0.0518862555438797,0.5194539832582313,0.1969863742906861,0.2596409745775675,0.7976173674631173,0.1291778597048058
0.0039138654042766,0.6937657276851753,0.0309800575813023,0.0365942379410421,0.7581675382579668,0.0310866512749746
0.1570825249583939,0.3027453116282128,0.2883352961685514,0.4212707398403141,0.2995348749342797,0.2435150632568866
0.771389304713021,0.3631566346405445,0.6630403816653134,0.8918037811249957,0.3914494761039208,0.6564838780182529
0.5468325548862472,0.2032537193131276,1.0,0.2603345333386758,0.2331596378407155,0.4128255465784489
0.5179694315327562,0.0692472231529541,0.6087857474903942,0.4426792873000433,0.4253365364373213,0.3185448790246022
0.6638035940055634,0.7264927493043424,0.0596882016906074,0.3230498637303566,0.1593372402351082,0.5657282812065422
0.7098236700045301,0.2238313369766627,0.5650157653522577,0.7769864683743805,0.7757043599129299,0.5973626179209607
0.1281467858110932,0.8519262837771214,0.340008396265395,0.7270267382301359,0.0893999196678371,0.6044531876958453
0.4750828456478781,0.6199535648086657,0.1392246070027206,0.1477722293250343,0.207419102294045,0.3252998674801604
0.7294961256378146,0.9971364483364764,0.915261954030574,0.7216185538374524,0.8830413224418101,0.8823519390252682
0.4662793887924216,0.4881846256105208,0.5583775724614147,0.4720724999603606,0.465564919767629,0.4757892624272307
0.0330116811858022,0.805354901364004,0.4418452525034784,0.4125422765787507,0.904862669536544,0.5178202799818197
0.1182961023758933,0.2381214506143697,0.1716461612213951,0.6317226916084325,0.1381192990236336,0.3023340695356731
0.5482854604980555,0.908438202799432,0.3652287544658392,0.7693539254315802,0.4462758474925143,0.6570863616996782
0.5890381912469759,0.565996782131817,0.7712111750246651,0.7440015112047386,0.912501874590776,0.8015091004571637
0.0974464559711412,0.5381142491048245,0.0514986158656876,0.0263703297970887,0.1369259082354339,0.1685672143088853
0.8851745521393043,0.580561403966108,0.2285861176516434,0.9478596779512604,0.2367228518450015,0.7691028261987624
0.8292033414237394,0.3725817384126585,0.8217314549927659,0.6392216603284296,0.7751563509028095,0.6495548153647518
0.7763474476454705,0.8609567185715827,0.6235135494876155,0.3840795445021263,0.228394751436379,0.8330293292025455
0.3030654994329009,0.7140866694587188,0.2432163236668533,0.712854686807388,0.299521228982807,0.4665098939155843
0.4068334696383366,0.801291873588693,0.1834726774325319,0.3160106066796429,0.8178057995358563,0.5202526799859999
0.7521946117598475,0.4834932489034546,0.0902417859024868,0.7669178420749779,0.7068419891908877,0.6329617789511391
0.4255673950118986,0.3406887592867407,0.6489121968784572,0.0945899056123169,0.5388652282055011,0.1995232177814759
0.3587169032392655,0.0738713720435071,0.3558017660550336,0.1109743920514781,0.9204197948386104,0.2715274776602571
0.2566565421240803,0.990666980346392,0.6541409496656102,0.5104318883685018,0.7277830250697075,0.6670096123014316
0.0413819094285006,0.3524634657231043,0.0691646888257732,0.927342026490422,0.5159041248201905,0.2410191759097734
0.6813130854208133,0.3851053429486226,0.0110462554236853,0.2909641720256186,0.6223382804551534,0.3333892430667771
0.3357710966944376,0.7338579265227037,0.8703439458719509,0.997094140530056,0.918174910336216,0.6638890723819298
0.373095608884045,0.0976401857155046,0.9569827156168002,0.0308135536803535,0.5124809052122511,0.2859110542048166
0.99610231221975,0.8675919546995837,0.564363284618217,0.1487491529357814,0.467519015062903,0.6028334787128502
0.1466450694606553,0.4978999577033975,0.4121876111193574,0.1528681472972101,0.8778762623360222,0.430281609452448
0.4654056446978734,0.3262769326528617,0.6421489251302662,0.0020914503902692,0.6454721953207617,0.2329231963570521
0.208775977151742,0.6198617179150445,0.7453586947245194,0.773001643136311,0.7496497743239708,0.6585047509998345
0.6192127491296396,0.7139879683679529,0.246657419983017,0.2586134735540549,0.9815638783267427,0.6266632137518947
0.428336265774557,0.9456716162214736,0.7964772532569879,0.3200372663401215,0.6321640506840228,0.797819909721774
0.5617177826977569,0.4875944473053655,0.2171605982717698,0.1310038623302695,0.6056735816871216,0.3833900525317902
0.3416989485375131,0.1345605093213993,0.3094628421240845,0.0987379121623082,0.4644035579911982,0.1872260457220201
0.4185314268233093,0.6675644637176309,0.0214986589262974,0.235085344216027,0.5898443563412312,0.3094352850008468
0.261066767712956,0.6171545277190704,0.3394397663746453,0.9323973303820784,0.9427579166120886,0.6220288808190279
0.5760065458059223,0.2675781643147631,0.3987304285119293,0.7260941372612627,0.4523598422404568,0.5266226173183937
0.4716664702795727,0.6904603927758125,0.6310069647277254,0.1066208538641179,0.2879354712223814,0.312382236972036
0.3086727631768632,0.3239573125823456,0.3218695891881969,0.2768962378104226,0.9637684164988494,0.3087891727045244
0.4891847208911347,0.6341421781865356,0.9458512619395452,0.3499198492101071,0.6058575006903005,0.688107093811294
0.2223264533313985,0.6431665499588453,0.051345726623093,0.4627855477976131,0.7508412929496022,0.4899835744807543
1.0,0.2197618641723627,0.4936266690015691,0.8282981455692984,0.2324968742717824,0.8318033365179826
0.5062833296215606,0.6743226429731504,0.6797373788116208,0.7325436661277693,0.7935534067680579,0.6910865541214075
0.7139392547141049,0.9886908041840125,0.0515097265413941,0.9238969072289152,0.510747388747499,0.2987068187419981
0.079535034408948,0.6668441336262299,0.7811934301808534,0.8610382218072677,0.932207636643213,0.5647844873664718
0.301842191596174,0.9843030674932284,0.0046643268186655,0.2963123031815844,0.9040934061569874,0.5631212894448818
0.6783588546502438,0.0352629550644613,0.8044727048635277,0.9666293581432618,0.1660527021190925,0.5358976222837848
0.8836038376438016,0.9533917189846683,0.0236899417815177,0.8245806063261013,0.3392605479651796,0.6211384227670113
0.1371269212416303,0.8157053311557553,0.8995094267162633,0.9002026760328181,0.673229791827818,0.4562300446478634
0.8586689769914128,0.1678077025270047,0.3171769738994585,0.7830107988753248,0.163618602332376,0.6301695151254392
0.9913334868339116,0.7306717723412226,0.7672305160572185,0.3154865782866921,0.2600561517554781,0.7410852103138224
0.8200738279598213,0.7097443448365427,0.9418122601221942,0.3509876077329099,0.5754766758091984,0.7270896843406608
0.6885592719196694,0.6889809791497451,0.4246615696894336,0.7551935502023753,0.5147633914168491,0.6619390901489476
0.9744558850626532,0.4945518277659979,0.4813368515052003,0.7303020568140468,0.9785571963137234,0.937234111356718
0.0991279650631774,0.99062836367838,0.6192923061759735,0.2210123535464366,0.595125751262302,0.354025635702268
0.4971594450900497,0.2566247767713805,0.8393470762978459,1.0,0.8633806900501579,0.7066168712398526
0.824036428069966,0.2445547405926057,0.1028921698155981,0.5424985904098741,0.4692366727939282,0.4891760689586695
0.1050722897149572,0.852041370676581,0.1358636285826386,0.6569727598928228,0.3799030600416037,0.4811832746904321
0.5510057810043605,0.1640219068636881,0.2632436837381099,0.877372400698304,0.8873968898868191,0.4886872405920807
0.7753810158423963,0.0698827493770077,0.5760094528739504,0.5707338700692124,0.0374181739705262,0.6527435094957629
0.5790174251385612,0.3348807845943204,0.9304061659919628,0.382961931276742,0.3320855073937583,0.5121002208513048
0.5185320092337161,0.1580327383155107,0.0857258531944523,0.0287589974199201,0.1937534575265222,0.2989470813464528
0.6133609613693485,0.9916670516754724,0.5711594643441135,0.9487833234333716,0.5022848064547619,0.4067959334237145
0.9736777760522456,0.8312858677494291,0.1671678269832299,0.647819304927947,0.9791656697360682,0.9018340283318876
0.148063856223766,0.5322114117581997,0.494440270345898,0.2237910682576117,0.9156260046114192,0.3740338940065101
0.7267432774096161,0.9451483874391692,0.8723298003308874,0.1074108840866497,0.7104132379568433,0.556473274200962
0.9294293628927008,0.7991662784772878,0.2913943154216895,0.8262667517945678,0.4317376171845467,0.7558440873295951
0.0550710450343806,0.2330887233483663,0.9863971245722754,0.1063625431324614,0.2407594221062862,0.2852376805488093
0.3100939073136602,0.6558325053653825,0.0724729669678979,0.0803828540079365,0.4291946368362195,0.2151918499546646
0.9028211737003404,0.3097634580528148,0.5626684279804309,0.6483739189793394,0.6671744568528772,0.6310076523343892
0.7138547196023817,0.6516487438825507,0.7362977751738278,0.3023393311964122,0.1261240256442078,0.7371625624238948
0.0649093331302544,0.2070151583286659,0.5198361156666712,0.4688998421599125,0.0164933488119318,0.439155558426748
0.0891817563460643,0.2134880481121235,0.4867583172254133,0.8914245221897693,0.5556528133771604,0.3611367086940765
0.3542079163111269,0.994448726120121,0.351242915681847,0.7173793845491501,0.980284858625374,0.6541295198680837
0.0039652551286269,0.2021496022966353,0.5921526615443209,0.6126104962137748,0.346807250832022,0.1836333823076078
0.7064975335758106,0.3777920501720053,0.4545208239002267,0.2882054014647869,0.8099828530007332,0.4982419269744376
0.4779910120033679,0.5005275860647012,0.3573731772619789,0.0850504635954541,0.2795549140506135,0.3228158298910776
0.8623530349036646,0.5105155661922272,0.213571657899058,0.4702038377449177,0.6531426380699263,0.6418266461127736
0.0151320690608422,0.8568789944587093,0.0420992837174144,0.1263706583568501,0.0842650585820352,0.2298094211949506
0.6977038323486813,0.6254637515764736,0.6359349224736596,0.9274586286330784,0.6438237375458198,0.7917275485131695
0.1062354906471807,0.7843874313224436,0.6169401937977652,0.044677959033839,0.5740328746253137,0.1490767340109264
0.9850504647907083,0.3190633998819543,0.770017655417186,0.7291553490094875,0.6443873280188948,0.7446717803047506
0.966163891784782,0.6500754903568553,0.1963988208732874,0.8697930601164079,0.1690227130899482,0.8361199955405727
0.0696947298331997,0.3864012338564369,0.9400033469885086,0.6815332660327218,0.03169225404555,0.6325004066913519
0.5612484408126918,0.7450052844754609,0.6868458622967072,0.7512583034268273,0.6789263465240534,0.7348443051766732
0.4123626965610044,0.0312963461732348,0.0150123808726688,0.3182267405665392,0.0619142834162132,0.4064154989274008
0.7621242291847317,0.5569522740314038,0.5680435726155529,0.9683110203979822,0.856545497387021,0.8731306518982239
0.7201991011405847,0.2066972511624767,0.2413455410036332,0.0659163446195328,0.934876555136272,0.4770923710024861
0.5980020893775427,0.3502114821625732,0.8257253378243121,0.9512878285613128,0.7719455691207424,0.7218340581867742
0.9574993452063028,0.0452590808939217,0.6887762840263894,0.4303396773632336,0.0951932859423308,0.6301718920292986
0.6633664501277906,0.0311671090142376,0.2474875971474184,0.4335458820362063,0.0464377884389891,0.5120387095505847
0.0596083019692113,0.7357516834179013,0.7090738043338328,0.7175520338683893,0.0282793135211627,0.6639177531994341
0.8583466135147317,0.0045352553045756,0.8139494710319874,0.3618911108845352,0.3062384070096864,0.4491099082856873
0.8006441884974621,0.7960591442334313,0.5835832511976365,0.6646038201154443,0.0056012183791797,0.9954855908984448
0.8675002786071448,0.1186186478734873,0.8221520141121753,0.7433733201947912,0.9965920566726476,0.754746293698072
0.7834940016216375,0.2170897476824972,0.6391697072859288,0.0957488231440687,0.2579825162699409,0.5201109901496903
0.7426130880751936,0.1272109258449413,0.2490930090758059,0.0482336640212366,0.5526748453779652,0.2982290919534892
0.9293264571935304,0.2543902385459108,0.6796191810261216,0.2937052447612081,0.3828433937916726,0.572491473585092
0.4370922205572475,0.6195629191179358,0.8304475202966165,0.32107906019879,0.3387256102336242,0.4952903852968146
0.82007660322333,0.1770834670767737,0.3857566103992046,0.961442428182834,0.7434329329605631,0.6012118060341207
0.5291990070808471,0.0882121907595084,0.0282481843852256,0.0293750397792215,0.7678933153616028,0.3224111168891051
0.6223370649861012,0.1500602356362065,0.8647000138485372,0.7433196159882164,0.713095710214785,0.6624423334589652
0.2137297961938886,0.5905575850762091,0.5698710904897709,0.670332965319533,0.728773393536868,0.5127313552745992
0.8252596318326577,0.1867575190540452,0.3573339638913264,0.0456993777728332,0.9376539183313428,0.6189947244838815
0.4029023413719739,0.1731473370432605,0.8998684382177474,0.1559970698635886,0.3633213665024512,0.3530854888626102
0.5693945458059749,0.4882633329941204,0.5255942695024884,0.6697490333588035,0.6409810042356575,0.6799891964976915
0.0317677382621617,0.3003442820238663,0.0324246087278136,0.0639544050452637,0.921297512999169,0.0923936847067036
0.900556109127802,0.7443128152151233,0.5021448786827346,0.635277601997933,0.7194982120784442,0.8030686485175164
0.8108166807510194,0.6183800842342022,0.7861718044413766,0.0641904434858444,0.108209283348678,0.6442107870435112
0.5312837504165574,0.2144529747772444,0.3681408500120092,0.8828763352902831,0.6465300498308458,0.5069150681645078
0.9952052665251586,0.786471832597399,0.3322621336744967,0.9636942985838844,0.6984876091130761,0.6839775409896041
0.8251373405419068,0.6189996212014102,0.3989649974183568,0.9360713109962008,0.0208575763025374,0.8969084648236274
0.9382351464775476,0.3244384549284267,0.4715746674718001,0.167958387778079,0.9313101614785816,0.6825982030463749
0.5620561322822978,0.0155060303143546,0.1232716492944845,0.1878487662595791,0.8638852493140426,0.2912220676730555
0.2288301817454529,0.3987161606565051,0.2930891023425632,0.1168937555254444,0.5520680749814018,0.1128094282795397
0.0,0.4456731816312549,0.4232803680143354,0.7350469522218753,0.4336200915423855,0.478325254332999
8.009222478908684e-05,0.7509931780502301,0.3639690274585177,0.6441497308436828,0.9673271662540758,0.6557133297842072
0.7286171649527672,0.1537458502070115,0.0621236920198077,0.187476451140743,0.9844260831509604,0.4709803860403625
0.4762719513542082,0.6102745665722847,0.2700181146271636,0.3169429289020936,0.6543355778828274,0.5377027379420767
0.4023549727260065,0.801171309572546,0.4859380715252617,0.2169000353494389,0.9205295899594986,0.6232852799423247
0.0223670983426899,0.1108074235402384,0.7032500842592577,0.7776247925337137,0.8574542511302331,0.3318971504245043
0.401620224168396,0.4431997368266247,0.3576683910461344,0.3849110961193837,0.220829314239686,0.534626630024277
0.3600098188782421,0.1696337907005825,0.0425789556586098,0.5519290161208811,0.9566401365901568,0.3410698025552134
0.935432381775476,0.1184637383217775,0.1868749947206758,0.6810213806423613,0.2833660815415704,0.5695818075495178
0.7050520666198261,0.9815384169962704,0.4012055062898961,0.1005757338304477,0.2479458582155798,0.4178258210601126
0.1539746030802293,0.9425014628822844,0.4006771144511031,0.1788384020714132,0.3783109264093248,0.2619169042185683
0.3466822684008719,0.656790013094397,0.0403938435566889,0.2165668982159344,0.3559602153257142,0.2253808016061433
0.0558651749918319,0.3107149700384467,0.9076071550473004,0.0977224856947047,0.7522660476560301,0.2091869187536957
0.5351920856680984,0.6610529749473558,0.9646349393777762,0.513810426433382,0.6413834196877976,0.5556373514907428
0.432317842702173,0.6904564790645088,0.8372068506487809,0.6338516220028335,0.8720046513369533,0.828962727737139
0.5502462579848243,0.5195654784858791,0.3294125348278604,0.7077398485424264,0.7846420468481706,0.6412456259514543
0.6875230545999582,0.7373825180960061,0.5616825806398194,0.6332317034079195,0.2913749230940958,0.7763617046966365
0.5089060313864658,0.2760219980831485,0.6296477054834723,0.3185963025696339,0.2400122727831214,0.4564836425516729
0.1412636747480582,0.4139601026588578,0.1217376256309331,0.3818005338080145,0.5746212744920595,0.287546148914885
0.2939588067292885,0.7522191039511039,0.08704391788663,0.0095934142574853,0.055437671699583,0.2383321637903732
0.6883116170595581,0.984970584174454,0.4891290032835277,0.096201216656011,0.3743940941214893,0.4718788426513736
0.5781352209763049,0.601997407758072,0.691824671287904,0.3733735681734453,0.8070371536681126,0.645237469760698
0.1641515380031351,0.750695030666088,0.3153239197006018,0.3936975682256873,0.3048284276611049,0.436790258756311
0.7215195281934769,0.462175373690647,0.6184128721893491,0.9865336550193622,0.8320268601713715,0.7919727132328559
0.5423285527554728,0.160220960474294,0.6733367047943861,0.4642552572122881,0.9613290342565868,0.6268918305032861
0.0127902616419971,0.7608395145722586,0.708308544075164,0.5475955799352533,0.1785033052173252,0.5878061248135695
0.4141157323332644,0.0,0.4580593129447393,0.7487429986573387,0.3027858798906372,0.267488209526185
0.7914048610171697,0.1695491559151022,0.8021325583890017,0.2364317691416737,0.4065730780961668,0.5609591114667607
0.6740004047844323,0.2433554644822712,0.8162260769740303,0.1286257450852835,0.0764815128006112,0.6141591489339775
0.0802261231641011,0.5245823083533807,0.4293391463223648,0.9995933665610328,0.7450481049693445,0.5403853098927075
0.9609383017387608,0.448428687652509,0.3440153255221437,0.2763561806077199,0.6414624612100773,0.5272791516933647
0.500079015052823,0.3310061711749359,0.2995535124725462,0.3130418576817589,0.6246164105899574,0.3489295094408015
0.3639399517852478,0.7306167161268704,0.2755198884990494,0.5855913477331472,0.7311746210977088,0.5366686654092623
0.209166114422419,0.9427233373344373,0.2556900287869821,0.8493700695353026,0.2914079125420961,0.44862884495162
0.759519573241689,0.8777691620067913,0.6625149426178092,0.3767004290521344,0.8975480769578094,0.7959223886274086
0.8416856356742574,0.7191169215780069,0.4212030139331952,0.1064795354669837,0.863156450379238,0.5071080930038256
0.8552124558465521,0.2146315042703775,0.8010852424902386,0.3993277341208696,0.2569295528227658,0.5869308119964112
0.8223890515869189,0.1139107530818505,0.175943880446843,0.508316819369652,0.9015607352469498,0.5657795802130927
0.6401267843573197,0.4907157502565221,0.1096706019545342,0.982534822840754,0.8984311301348282,0.8213735867980109
0.557755786478645,0.3466237192853421,0.6948559670287004,0.7790958709842317,0.5539807257569397,0.5507052073927854
0.2653619775182957,0.0308703200478555,0.2743752207177704,0.9445263647684504,0.6184940465880256,0.2305776973392769
0.2180888787571299,0.1409199328895888,0.8167166323057944,0.0234186543388176,0.0032690444147767,0.3134144034787907
0.5343737795062816,0.3730401972186385,0.9871754833090608,0.5164033435213814,0.131961506462308,0.6101975510996634
0.634565411992714,0.9999462481832908,0.6369641858351692,0.3082697359323048,0.1551883026609937,0.786742820065299
0.9748028765206548,0.5843056386198964,0.3258778465865535,0.210478978878621,0.2668977664495942,0.5904054228334569
0.1317052683586394,0.8916489048478571,0.5841786466552688,0.2968169460774276,0.1669541414821709,0.4194460507979085
0.4101072756230243,0.7934844480228009,0.345705532371689,0.4426480608493385,0.1837962967690156,0.4841183045110288
0.6920391404833527,0.7620866800323509,0.4434221406982628,0.9039778873545808,0.8459859160744638,0.5978189324925063
0.5874729596673482,0.5641285615543331,0.6089894676756192,0.988001612855787,0.1602747769414098,0.7495138353438442
0.5919853281035256,0.9948206877156868,0.4961543807370914,0.7365991975789907,0.1789450993981034,0.6743465437657461
0.7633843208401573,0.0172321337192887,0.219924923713675,0.430878551448917,0.5572236234891219,0.3856845601217269
0.4194252070657261,0.3955499403788916,0.2635713746400536,0.5032053186111437,0.6587019299184916,0.3808756774654058
0.6560723179816703,0.5310087594230037,0.5270558703761018,0.8018247368687361,0.5195712583478689,0.6875466983218
0.0982331911957449,0.2168613021512652,0.133276906129643,0.3774000590711836,0.885006218617686,0.3016829877573645
0.2649258093405497,0.6366215246549235,0.5904271539328851,0.8288937506570674,0.8299853575847916,0.6689120117788588
0.1818895497538045,0.6122549390009713,0.935794279996735,0.0024351389713388,0.1535411397666212,0.3136689874938741
0.3725678212466727,0.4232935526178129,0.7554771783583648,0.5955352507721046,0.5914472464810391,0.6436554744707126
0.6333111629721012,0.2053779373157772,0.7986261768160028,0.8727936686761932,0.083482386965877,0.6353200766330831
0.001616186858522,0.552210484802017,0.1188263175302863,0.0737082181586579,0.5436584305715051,0.1005465348719959
0.4680823203810405,0.8756633088802638,0.9042878623787662,0.3536447880737978,0.5481649206154837,0.6681802917352236
0.2459622486021226,0.6835587956106831,0.2582295943011021,0.5190319342811237,0.3542817208344471,0.4126047939987164
0.0732986942159242,0.0611618232234757,0.8876194414843845,0.4332946234335706,0.3433728191643139,0.2019279022270575
0.911500163086434,0.7079531575049652,0.7478559646622306,0.7798496091721843,0.9582296960186898,0.9564057268676216
0.1099855140863175,0.9925308677542848,0.6368931568157079,0.2058016990404282,0.2243563247061392,0.4820985289284105
0.4435957491280533,0.5630475972106973,0.8868646145755243,0.7339579745456583,0.2667423004086801,0.7758227959499258
0.1101557704109287,0.6462893462497409,0.1878561078606772,0.2748966878416551,0.9385391165404372,0.3402326575830616
0.2271314532271863,0.7860016030140471,0.0418934055817077,0.9304148082285838,0.3848234666246002,0.3125024117267519
0.711326661822708,0.5384572616780247,0.8715155696071765,0.5969959044745476,0.1026535357902271,0.7892876287741617
0.3153844613746916,0.1089889889171415,0.0649354404609119,0.4109749123230669,0.2649077831922576,0.1729132204365505
0.5714394124285147,0.2088468800104377,0.6510578413370779,0.9012798296167948,0.6915961762762367,0.5436553210515739
0.0700541614683413,0.0429975468729622,0.2722026930148429,0.0578236768707147,0.3562414532963273,0.0
0.7058594189131329,0.3043086695678845,0.4967920296869534,0.7064108627128328,0.6224866220182724,0.5452749039410905
0.7920041059644222,0.8997227650624057,0.0,0.6989114133790921,0.1556257293319924,0.656763412623597
0.4125065067837546,0.5894780856141664,0.3557203385396869,0.4227550939432059,0.6447810198677353,0.4694589286615727
0.520871398787939,0.8880542959760407,0.562964192167624,0.5799952954058342,0.639303749297794,0.781094160310945
0.1658949910703458,0.1474729259191298,0.5240492087650327,0.6996725287820876,0.1073710009320472,0.4082267176620917
0.329377407680434,0.535083045950725,0.7178548257705405,0.6861524300917498,0.9296169328120956,0.7512535373413888
0.6266367085433,0.7147874787757895,0.4391364297167608,0.8898710197602565,0.8027192479259145,0.676727836367672
0.1245639926953761,0.7430730041904086,0.6549094323534089,0.6418067264813857,0.4632891513128406,0.5396681674875053
0.8093146522460806,0.5038301128202156,0.795530041203567,0.2356435055332347,0.0755021543818573,0.7188101234892964
0.1960460547422316,0.4228413038371907,0.2075202965564331,0.1970721937490237,0.692552691640915,0.2746867398910325
0.8763725663161214,0.9449391812106828,0.6722009316819799,0.7912812602597606,0.0664046090920177,0.8234382171215461
0.0721355252276821,0.203355799663559,0.1581768242601575,0.7664546572049544,0.1070875470047115,0.3712339581913265
0.1908313981947353,0.9346048269526992,0.2179420014502187,0.0506551788673453,0.2567766230653828,0.3328142419435161
0.5255472997812146,0.4275662102981656,0.731421435790626,0.8787107016039463,0.8334730600543598,0.6619426813044728
0.7660299549115982,0.9492467971225412,0.6949852585810786,0.2601243087042127,0.4097726559309229,0.6920186903761636
0.4232458981245763,0.295910260028057,0.97439453433318,0.2922654346910935,0.7580436523164021,0.4224232987882263
0.2826381156530298,0.4034075512854475,0.6496333456024294,0.1756214891202036,0.3683269012220989,0.4015210827780351
0.543296385435035,0.158943413387585,0.5536697793255556,0.4231781395681158,0.5145257828490292,0.4565224994306678
0.5958095716601052,0.7570287905096609,0.6184616238745624,0.5286014203467368,0.920456252625804,0.780282599498098
0.8962029345381702,0.0568030417142746,0.5009139119047713,0.3072360762387326,0.5213619532940456,0.4062691983304159
0.7394260257245844,0.9893443055443472,0.1221197451430425,0.4199084105116473,0.7109768556660481,0.6671806396449498
0.3651100647348244,0.2248901810603822,0.0008713753314527,0.6117544415005977,0.1226566018960769,0.3502966018430629
0.2989208769423525,0.8483399899734685,0.3368160914723722,0.0,0.428218088326001,0.1482947859919568
0.0785405753475881,0.7818197868434162,0.6749641096561968,0.892115588285849,0.9615212865745671,0.6268945905821639
0.7160449416631488,0.2515249708004904,0.8123116360756928,0.1451615173432632,0.5187827837143058,0.3789325916353724
0.1061030811960977,0.667485089130856,0.8252914492387017,0.0273426795401856,0.017961074263482,0.4292836390568037
0.1650800431288341,0.6295537456979394,0.7106615753777213,0.180994148749131,0.4576668814743622,0.3210946687668762
0.0712662376787676,0.5429502186033044,0.8304744420603638,0.546523210387831,0.9474221464336302,0.626630481136596
0.2475048904466723,0.6480738143018637,0.1104415674361171,0.6058645105583458,0.0004618164335895,0.6543027998141216
0.2242577286843707,0.2401163670611619,0.9096352564431708,0.068681311617808,0.9164130767036754,0.3776853726785606
0.9975510355261704,0.4717332424380501,0.7379764539992503,0.6313511310345131,0.9363089690312358,1.0000000000000002
0.99961531362171,0.5447274878483093,0.6983906193878388,0.1990214997963868,0.0948471895011269,0.8386685404985861
0.0960757552337515,0.954708919140272,0.3322205146499229,0.3716837503644422,0.1814438631124109,0.3818888866651864
0.8168145858009348,0.5124693434004973,0.1236154677299364,0.1736656559439907,0.4564548068184703,0.4182468154747573
0.5245316178364408,0.2876857532833991,0.9976121029767708,0.0401152840779399,0.6978648628967805,0.4760691649608979
0.5665598650934522,0.9927131837760031,0.7349090816582221,0.930572885036416,0.9001796281307803,0.556410363119232
0.6839315534106291,0.3943531356145755,0.1874939619553947,0.2913760749229472,0.6348883930819568,0.4229333873172313
0.081143399085229,0.7771431016214301,0.7545881239646359,0.2296508757387105,0.6450238980353028,0.4470587234748041
0.1890592120144479,0.3336940899483433,0.3375183324581555,0.4440658544427379,0.5242054535595151,0.3277960818346455
0.6799507379515444,0.5817511711286225,0.6518240989622806,0.9961469719380132,0.6197122275400267,0.7751360850941929
0.9717109990575662,0.0947121393470011,0.1555153111089209,0.5424746005489526,0.5962015184016243,0.4850867183148369
0.7397897014973444,0.4302296385629272,0.4315921482648187,0.545798627455406,0.5971989805452307,0.6128285418189455
0.8374096210629323,0.1186790574133263,0.6665747665994827,0.6933675286408841,0.7512604738427137,0.6377698023403636
0.1573666142293125,0.8804777491151498,0.8678455264362269,0.6052055689553858,0.0031469496396031,0.7942024065716946
0.3086862045221688,0.7823293996657256,0.3603787580744407,0.5323575319478369,0.0580864760214713,0.6574599988860005
0.7823521597476817,0.8404024461235916,0.4191649001687821,0.115726459384983,0.2608816109755081,0.4661267608784819
0.9226295208818992,0.8988817698058865,0.8162753411591158,0.4294349433388634,0.6453228645773896,0.8465944295408915
0.4976796069859038,0.4391646174651194,0.1678324359885761,0.9756369848465254,0.6159760798003753,0.5522725746414073
0.0724500216926876,0.9298179295808972,0.9884757826195816,0.6719013533470007,0.6221473577847931,0.5552201330585469
0.4603189623964415,0.8290339627823912,0.1483217123167641,0.979485911968622,0.4880565590197779,0.4138552220963239
0.5552865163755238,0.8381642735411268,0.2624278634116815,0.4402296583824119,0.5405803941602405,0.6733124097793672
0.9129115551781573,0.4727698397164978,0.2403269619548733,0.1292065849876943,0.8962029064044882,0.5558204200599475
0.628106893494972,0.7225548537982036,0.1997177869050316,0.1696164509042581,0.277861158449263,0.4289881830866138
0.9870845678537844,0.1292127933766551,0.4229593373679213,0.2664737893033859,0.1493592110538431,0.5336224576193734
0.3275925972627894,0.286907953693153,0.1105009782518012,0.9584653966825704,0.6435172946853677,0.395841011033914
0.8897672760159983,0.2047410219643516,0.1524824053312981,0.1628351887613619,0.7707238506955916,0.4274374134114188
0.9415849976112184,0.0333238303019288,0.3017648226279207,0.804794312564704,0.914452082244686,0.4988605294926422
0.040111071793143,0.2094553576066155,0.6244651660352327,0.6338187543121349,0.8292282236567708,0.356229671733732
0.9965747529344352,0.4303152069676474,0.9443660982801618,0.9767529388697777,0.5054108472658457,0.8145137194853002
0.3813707857727995,0.6436804724459854,0.1467504974192966,0.1474397704427229,0.131551089508371,0.2797031324305921
0.787778877952028,0.6899881864645552,0.5298332184858419,0.94049709785338,0.76367047393854,0.7481491712081692
0.2877628094253416,0.8539383716388292,0.2339796354185181,0.4901579406945607,0.6673208617734723,0.4301528303653165
0.334451168652274,0.5777230292945801,0.5655266964464151,0.3247631871616628,0.462084961884023,0.3771615183908615
0.873400675097044,0.163513537679341,0.8861615471259134,0.1412184996776358,0.3760367665306481,0.4801748505932519
0.1425985025439113,0.3176000676810167,0.3456215608581166,0.0395252813546354,0.7575109873599327,0.145061694299072
0.0110353078212757,0.6287179256723422,0.5738711063681698,0.9979300633276682,0.73934321153571,0.4734745982850886
0.8076061352792157,0.9719066411367138,0.3490749529351725,0.6859219743745822,0.9324384299095756,0.7844641126388187
0.2574828505677748,0.4081057860279182,0.3144641449223933,0.1352993777137682,0.5106996613106699,0.243428483719481
0.3229100757021971,0.2368658168290213,0.4110509487365916,0.4924274778769362,0.0910073651094018,0.4565873094379359
0.3493498871792815,0.2335206896458212,0.6058323604837518,0.9957585660068798,0.287225135208988,0.5635656659416276
0.7557650271472452,0.6622510826315683,0.2143700545620584,0.2699227835713633,0.8489059991972927,0.5796350586442446
0.723972967228136,0.089879272439278,0.0517447072889389,0.5595355514551753,0.9294216574378824,0.5391005935329682
0.9105725601899004,0.8059125920143071,0.610369834668781,0.8136839257796578,0.2993741955604665,0.8505541246283268
0.4588005981500944,0.3287840705704324,0.0614082270431005,0.1872541183763099,0.916328619356714,0.1974167290400653
0.1412426619228685,0.2215201474947195,0.2511485266501219,0.2741017133821635,0.2871242923687679,0.2398509007070883
0.1266330257246838,0.8661853194661489,0.1512490631065242,0.5004326373351708,0.0668914259237033,0.585743412861658
0.7188000671108776,0.7311065085386306,0.6721697348221443,0.6601722313135793,0.804718683095219,0.7764646506757691
0.7371541317194771,0.5264563025897738,0.9685166465533082,0.0758569079738527,0.9737250756154818,0.6297137091146339
0.5301775559726049,0.4517217335645922,0.1128936479119299,0.700951374928166,0.777713281644756,0.6487443623962404
0.9712856589219714,0.2448504115512515,0.9887166158175568,0.5002896807800827,0.0,0.8337624928545702
0.7987764755463741,0.7875272343577875,0.1540864253807161,0.9309689136240442,0.9999993632116306,0.8197796716968633
0.2747109405249714,0.1662361397605438,0.7606692715153092,0.3982104659356263,0.7222714924183867,0.4038550549224904
0.8583042599458977,0.8376877046694144,0.4792772065489873,0.1125189219354171,0.2743647688165344,0.4835871204811077
0.1528146886597795,0.6274413067736487,0.0319559335100613,0.7752970767579446,0.1841987736658921,0.5057562470312942
0.6854321370138765,0.5657494766761325,0.1939183553359041,0.1098809144429116,0.5373556078149667,0.2344893839558387
0.1032957601358906,0.4913844569561402,0.0359423441819258,0.5034086118265805,0.0034286087625317,0.5252641991311116
0.9809194954703208,0.088710905650819,0.1562032161554371,0.1461386542082695,0.5942231582679205,0.3866061978751924
0.6243487268696212,0.5655384216375602,0.1869359562708432,0.5142597419683368,0.7424068634713351,0.6942076938242348
0.7259298492078299,0.1049058777610365,0.4747695840678479,0.6572746520285632,0.6456230809242783,0.4925659393592119
0.6939889191526835,0.5599933933457404,0.2791144568558368,0.4926724759969035,0.3609896681320552,0.472867533638253
0.1730908500588015,0.877460318625705,0.1673012067559507,0.0998315831408564,0.248922377332328,0.2117426703413938
0.7633455344777353,0.0449439203756634,0.8735232670890125,0.3705968589869765,0.6895257007891341,0.5646290618827262
0.3418952871446412,0.663752847201586,0.7099955325161338,0.118501130606767,0.5852432795053025,0.4205859305521748
0.4148451027991058,0.6820973907255979,0.3558701080122236,0.3561178811857157,0.8110102232910444,0.5846948742273742
0.2975764689770894,0.7948448117674708,0.6211349311890294,0.7531621862401426,0.7289136111250313,0.6491439636118892
0.6698514299033571,0.1199483925406827,0.1344703701253163,0.7789041287896701,0.1328655573874571,0.5253818656236043
0.7188671355149504,0.2664479165844663,0.0168652274197673,0.5855219329789902,0.5648258113072949,0.4125735106984333
0.368141494154825,0.1959826452791316,0.2966282921748079,0.8358740826819437,0.5993936981657716,0.3591472262935631
0.0736495129349929,0.2434944397766543,0.8314847363844351,0.7023370948404284,0.90903130137679,0.4155485528137023
0.9160631103701316,0.8059372119816097,0.9769302408275622,0.8523040605413639,0.2109822652655381,0.8460722687907098
0.3881772740518631,0.933901717740254,0.4122035961999676,0.5200470407664189,0.7581860720871034,0.6999359781302945
0.2682606643153516,0.2495724775423829,0.7851795300788891,0.9020513493013664,0.6041644028166443,0.545247849312271
0.661730539164183,0.0497194282310655,0.5633434669914472,0.7483022946875217,0.9923251398231052,0.5827638604081643
0.6324098434446508,0.5005663158244229,0.6182428632201065,0.5337596366400679,0.3323563364618752,0.4944235909039746
0.9435695713301738,0.9526560143266302,0.4818572798278694,0.4728375933080159,0.1439906001945576,0.8804980234050491
0.6421756454946227,0.933090511802674,0.9954960857590804,0.8597132715532989,0.9759031285767028,0.7993773735819522
0.8504747190690134,0.873394037989163,0.2174497994012438,0.4937822380174935,0.8383900628160859,0.8087016927919457
0.765737496630674,0.58065813462975,0.6331263583035037,0.5674476725009385,0.3321868820897763,0.6475838973732803
0.0990179296761234,0.1778816200759043,0.232372643214091,0.361314873808663,0.1113645044050531,0.2491629282504015
0.6757041455511853,0.9432380187146236,0.1842660400101364,0.5609622469536271,0.9956366711642078,0.855185378247249
0.7990435275080842,0.7126111293110463,0.0328851914614997,0.6080577311140887,0.1388129847801842,0.767589357548503
0.5313271933008525,0.3135882588062786,0.8189902305998691,0.7730856869452151,0.7243869875229835,0.745697992466275
0.4448545486710776,0.6754865923361398,0.0531609031294189,0.044604920003703,0.8086488352915999,0.3227299771808198
0.8297834756370388,0.0325352618039433,0.2956449658261919,0.2001218921309348,0.2352080159689279,0.4492848155797452
0.7905058787137412,0.6729428205405132,0.7095133979753258,0.0325544882397098,0.8518595332163567,0.527949550442118
0.3709848383153678,0.4148187421076733,0.945661997771086,0.0142591705377089,0.5124757196961398,0.2863663877433801
0.1639340144571786,0.0126727708692027,0.6514847199982879,0.9045639668692348,0.8817845326545257,0.2539574428200385
0.680688627958059,0.0081683386073911,0.7200072248918317,0.2027402438930499,0.3174579736394269,0.4885228866879166
0.88032728726406,0.2381467937056974,0.0128496679520429,0.1625845498255703,0.9830440663588276,0.4871390817918561
0.6645031453391095,0.8097990981683854,0.8317107996421989,0.0404990000394741,0.6100742588650193,0.4094842211190802
0.3712080746771184,0.0905154559541151,0.3654629079050334,0.902578218448125,0.857501198329437,0.4160476448897485
0.2728079228905288,0.6207538664952561,0.0512754825062878,0.8226563567514235,0.4901431183808085,0.4441324557960756
0.3420088361276073,0.9458527725306316,0.6592927305102712,0.3338691712486666,0.881696223773669,0.5827341591302273
0.0519763637076401,0.5658224508419833,0.5693068870334286,0.3884977361406495,0.0334502386117386,0.45899102000114
0.8139162934593662,0.6184324650053238,0.9505840743643956,0.1611329733170962,0.6984028246269286,0.6525484968212767
0.9445343242529782,0.2510454656074758,0.790104901540502,0.6426511891477618,0.2823218491224504,0.6207191437354803
0.5014066236189695,0.9826842001405498,0.4586380916048448,0.8357043858847352,0.2503390269333489,0.3738864166889054
0.5134473302279392,0.0628011873093273,0.8788530959799684,0.2529467560092084,0.0284581844501558,0.5224129859495261
0.8525919065635832,0.9303967674655864,0.0188147244894989,0.2753531738017989,0.5185656369769966,0.5868996350488828
0.1925085581726103,0.1853045333507111,0.4815920854140405,0.3734317302852398,0.0707303278747882,0.3632705348393722
0.6900983353212845,0.4167985996253933,0.7883656982219313,0.4182800189076914,0.5401933895529042,0.6559111640614015
0.14516516439808,0.7850276043680168,0.9166273578829648,0.3647103896421766,0.5239643314325786,0.5157835441908379
0.0849094777934547,0.0677209519169507,0.5018285136233008,0.58960849194382,0.9290983604803574,0.3055866012747409
0.1382005355024723,0.5734173040284427,0.511923658209686,0.5491455574407755,0.6616482303611048,0.3683867804968171
0.5059579159259561,0.9950831458700364,0.3969725863217535,0.3799353809593854,0.6282365404980114,0.612817290986239
0.8655826153573419,0.7867385684467516,0.2899292956112582,0.2923911872272507,0.849979717221286,0.6217325786653916
0.5613355638619494,0.2624691128427867,0.8657652985433091,0.6794745763662018,0.2317329090834784,0.5672218869110754
0.401965648556641,0.9319064063006244,0.1291881791708495,0.2650386789135145,0.3563951684577433,0.4899248664654573
0.4246885780328638,0.4449786751801006,0.2995396493576315,0.0696935176830793,0.6325061474078099,0.2100685064262625
0.0066209900469247,0.2917879267872724,0.2620786685193016,0.3807604818795537,0.522417692770122,0.1636122357749204
0.7316921315473198,0.9740119403342088,0.7957021193033118,0.510211479170783,0.5923020259260569,0.7427608880695975
0.8641383065970382,0.0347436850913005,0.7993008042914997,0.5564247621117232,0.9207442370620198,0.6295389851536036
0.3237295931636616,0.9108972005080624,0.3732606648279183,0.9436474110851172,0.0241651539799266,0.4713117436740996
0.2962124449847784,0.0727728695472919,0.3451281424121304,0.7227166654068782,0.6779800937037017,0.2182585771187633
0.0836847668625137,0.6344891548622302,0.1035534997445232,0.9955612383727448,0.1310317367187814,0.3243912327673837
0.5883700232612319,0.5588659998988691,0.0610567098253859,0.7426757140696604,0.6258392968998895,0.5104181069365336
0.4009789482540381,0.8792496607901121,0.8163569894982657,0.69018745111936,0.5246040209939503,0.6948615690370138
0.639298826564996,0.3403939483533036,0.4424021040490274,0.7103442464341793,0.7511857203429978,0.5648753247788175
0.9402175608737374,0.6606236917721263,0.2106002630834516,0.8705053904184741,0.4305922334541779,0.7165623147904181
0.845646204872534,0.6662377818658766,0.724849869173455,0.5317744912808323,0.5003150783950853,0.6907617570479196
0.9056253203283018,0.7885405700130717,0.4137224892307993,0.9911068816322794,0.4262579576223547,0.5971467546821766
0.4685376106969292,0.6644811943069419,0.1164374652008125,0.2141001163261754,0.1857177270023765,0.5409134320069009
0.7385933534844316,0.9248042660884356,0.3049564112803257,0.0462815946051624,0.1316195140045598,0.4822748428138686
0.6336687539514858,0.4704898993272325,0.0574839867560276,0.5740118659627439,0.2636733563605626,0.5873825978706533
0.064875828220077,0.4019687494154735,0.6939789480622321,0.7231838076012087,0.1669462528555342,0.4978518895870543
0.6824761007420831,0.8214089294123538,0.643087747971103,0.1208696795349602,0.4985556662093333,0.4883308745121055
0.0388173329181632,0.4603948387974724,0.2362782274899975,0.7183985354918128,0.7231710643998769,0.4672636372982179
0.0232926980653566,0.1381313367876943,0.0534273916231401,0.5040839711975614,0.9864542097219504,0.3335866226690847
0.3717867842830896,0.1697143984929066,0.4618277400840096,0.4421320292580874,0.0464328996478835,0.5289632048008571
0.2792897478236211,0.7805199852431685,0.7132500440692254,0.2790522673411149,1.0,0.6790843519400317
0.073366386557709,0.6748539322485324,0.8421810036606729,0.3801382600385729,0.9262547896263528,0.6118142582581543
0.0222783263445817,0.146010888778323,0.4536423493255061,0.6190647681320924,0.9669566591085104,0.3642165075270087
0.7781582783450913,0.3430853465683011,0.1513256349928718,0.9235093474432348,0.2282934507994995,0.6607556716925779
0.391040094951416,0.2123647145846211,0.3904593337161119,0.2395051442385399,0.4665870329510873,0.2625123872657128
0.1360082165471422,0.2058113629228062,0.2636071403364183,0.2314979539886719,0.9054168088601988,0.2623872910702262
0.8474679754034836,0.5624154756530991,0.0421291236422288,0.633411638297068,0.8668917051036313,0.6982157087775491
0.9083527394124348,0.2877552324428887,0.0629604239408446,0.9008245121698296,0.6820225443009813,0.6337800127020576
0.003291018657571,0.4073911796821209,0.8062718549882377,0.1568635916430111,0.6575133063364196,0.246818442730441
0.2639627116186721,0.7376697635489933,0.2556204251535163,0.979151152739564,0.4101369209405009,0.3961587762713338
0.5773485154222003,0.4792995814304603,0.9787171413552724,0.9689702487692003,0.6978516504892899,0.7605670927463435
0.9353643101189236,0.5951949870444393,0.0217711455776995,0.0537821886070418,0.0586159885084539,0.5545510329924762
0.5754742205563139,0.2216504917640553,0.0497064540341358,0.4703646812326123,0.0207031690245371,0.4336476489584601
0.2037662834074976,0.431690632363055,0.6575887321781606,0.5465980360752489,0.197992552694677,0.558317558543494
0.8513385767567337,0.0005536935345562,0.2822932663809165,0.527855252158427,0.982789773539426,0.496398897543198
0.862593094324943,0.5722366801385134,0.7871257315101183,0.4787641303883391,0.7350405111178229,0.8284851275997328
0.9658164732457754,0.5537571093928528,0.3124417857079216,0.5030402636912942,0.4075585511067986,0.817855479488121
0.5567807894528476,0.9998138117885776,0.8926194768397886,0.0817490648926358,0.0489450945040267,0.5710844590389447
0.8151386184405545,0.9144799704854638,0.6410024238052003,0.2611241068669384,0.3796910913462334,0.6743581242218666
0.8544692574616671,0.6642740389686335,0.4867224969640363,0.7727978810678265,0.0689213126801442,0.9086918406700408
0.3711462965194977,0.5020892698248336,0.719367344512648,0.6492155640185331,0.2217781080197751,0.6838501252043656
0.3270246764985872,0.1699946582403111,0.5045739619012696,0.493426316971718,0.7979279986141704,0.3954218275713543
0.6937428774077238,0.5268048601471604,0.2542630895675849,0.5742956577256142,0.4270680624728522,0.5596940192616979
0.9045400755300824,0.5993433074090344,0.4525461193196787,0.2408403217128046,0.529932571041436,0.5919001324315049
0.4609530687634252,0.7350317975004258,0.2990982653057716,0.4819733070234517,0.4838733695311275,0.5617269159939037
0.6434495542755049,0.7450424629926051,0.0219814612875762,0.9309960566923716,0.8941358645615952,0.4930072137584971
0.3867294230923644,0.9207025296283228,0.5606260213506046,0.3360830583363111,0.2794977294426881,0.6413980830300982
0.4775043188717016,0.8027259088587738,0.1086292684652716,0.537835043045486,0.560421518078712,0.5416619949609809
0.0825918534711977,0.1971424265833558,0.991034117080634,0.1475263941283161,0.8966863173404441,0.3824867186409371
0.0884091141849556,0.7641810337614263,0.7400327458432207,0.2294942843511789,0.5616158805221404,0.3006202250994315
0.9598360583211358,0.5510020999907094,0.5634176311222108,0.3556635239244446,0.7432747122317801,0.6666091093815614
0.7837891327062084,0.9718220269809748,0.2914914395897744,0.1084202351457998,0.6874048708894653,0.489415093344461
0.6614750001899721,0.423698171928868,0.1904957927183829,0.4173632830924647,0.0926566597868205,0.5950326382514137
0.0569430085533971,0.6485203064634468,0.3966133371355537,0.0727505682099786,0.431752671941545,0.1890047817340829
0.2065021898362961,0.5546597568225048,0.7128924822723066,0.8651660474179363,0.2038809194155172,0.7071385149547259
0.4778138057491339,0.8422726363700518,0.3787223591121624,0.789232951195357,0.2882600010712561,0.5270931638041945
0.5431575619686869,0.4269100897537594,0.940786043818962,0.2554194320864997,0.0508154054875082,0.6369307050444969
0.7834760117120575,0.2053000653085196,0.8579175825924563,0.1221939403367064,0.2572993266322461,0.5377527931914016
0.0726031448165214,0.8008339798484084,0.0493875221753107,0.798961574940122,0.4465205964787637,0.4035574021257561
0.4396783674770941,0.7940114998416912,0.0258869128157521,0.0473773829814325,0.4945776119203112,0.234912101251862
0.4291914923625322,0.2245494896133934,0.977761115894364,0.692994093053575,0.9333073838854766,0.6545112523757328
0.9673513185563736,0.2627229581515074,0.9663806320119706,0.559011285883175,0.1875895893399368,0.6955265331705314
0.1162007170297619,0.1295462878577867,0.9260773433576012,0.0288318307386341,0.9790634861406072,0.3326731456604455
0.1472279682425475,0.3589281969424059,0.7942589305425335,0.9544232282508376,0.6391133128787148,0.4880667582035685
0.7747867248419834,0.6782154535248182,0.6387550086070034,0.8663747243969895,0.7264307349541749,0.8337490796627188
0.44497398837684,0.4526881289207975,0.8169891841685865,0.0675462746608654,0.4858221330630954,0.3525838679722137
0.0028944546878114,0.402623421926862,0.2374540955522109,0.1018059845236066,0.4009861794090535,0.1200949432213028
0.1927002777855325,0.0872009341963072,0.1112928250076365,0.8519474343389396,0.0693787665076728,0.2843764435580331
0.3608328560527483,0.3805955881854901,0.3109862530289068,0.972957362383869,0.5726131778994342,0.4254952074859054
0.1449489339523577,0.2411784474669419,0.0506828688079373,0.0443686672785338,0.6121515500122785,0.0224921788090571
0.0986320493259065,0.9629809945459094,0.1605283856095727,0.453337467635895,0.6718009017268068,0.3940593817162339
0.7727535405673731,0.112701543163125,0.1931299046681032,0.5564344610802525,0.1536935168001572,0.4392398923954533
0.0081858549186051,0.637471830212751,0.4313266680837297,0.5383690853212655,0.62255681964942,0.3670253884961431
0.633298932889756,0.3545902038518757,0.7874713027476231,0.5121204187324708,0.0014653762097824,0.697813078131403
0.9295451689084692,0.4794398937032046,0.1635372857307922,0.3882701726864807,0.0962233114447774,0.7356974066357475
0.3689842850100844,0.1859347088282885,0.0120182844962864,0.0861687158500948,0.5728490276914276,0.0923688304902929
0.6953216990045958,0.1211308288635345,0.761210480263616,0.9815519938399132,0.4724982250867894,0.4610529175311411
0.4184109977407053,0.5510888768752548,0.892936214018127,0.4609014750410808,0.5841578702390582,0.5983484858077666
0.1539455494920618,0.529555807643988,0.5894532766144384,0.7530850247570254,0.2513453864749516,0.5282651118108155
0.3223790754651123,0.1318002208731145,0.6227488580171591,0.3030005844847085,0.6154421831574322,0.3539025957789863
0.3264237092629041,0.9861958440430314,0.6782161006430885,0.939745442998559,0.5449379378253772,0.3884902879075893
0.2725940340767638,0.276457238820242,0.3750270639543847,0.8907304140462038,0.9343237437265212,0.5696122884152831
0.8069757983941819,0.7586320121403833,0.2691594098753961,0.5321684903945775,0.0161572850046415,0.8908997222230925
0.7807928049774442,0.9686677007349624,0.0100554672309765,0.7795350991456484,0.9154462005531347,0.7276167203309704
0.3333594096355964,0.9253535367381056,0.1770937365014888,0.9686139241271292,0.2093691441426522,0.2930590916110487
0.7760668464584127,0.6780971954744096,0.9383669832720488,0.3725905017559674,0.1479729129974573,0.7964821462741609
0.245934386593721,0.0956260701208572,0.2588538222864576,0.1282659279323263,0.5841696142572353,0.2162145365147187
0.1488881395337101,0.244763619497114,0.1527713938700722,0.7597622413560143,0.3368995484929143,0.3081943560435557
0.7926228637236655,0.0530604994221773,0.404358924316003,0.6516358074485055,0.8676411226043309,0.4651843389625807
0.7733421113829907,0.8142690533321335,0.3688743236706721,0.926722831805858,0.1804377790632215,0.5713487779772981
0.976162917298494,0.2346125295843731,0.1185189039412221,0.2941162825488558,0.7386059862763285,0.4949757947382465
0.7474784167553414,0.3187563778688088,0.5104909942877959,0.1278740123566937,0.6832253237805951,0.4989186674510372
0.5805028416567583,0.5888649002928094,0.0500351120952417,0.1398467018717652,0.6809349488713012,0.3131717739720825
0.8126855810257714,0.8166617693112336,0.4982316711279428,0.8747107315431073,0.9289876679790584,0.8450653349159243
0.1248757082046225,0.9454064567091448,0.6648807083316067,0.5533407725936796,0.8912233051917481,0.708719904258896
0.32784656946836,0.4782646944890774,0.3365771747696424,0.8050590467313996,0.195607470682179,0.6667292402673766
0.7005663602593176,0.1904514016380806,0.4407813068296464,0.7198694843018623,0.9906297568389816,0.6811492966911517
0.5807054883206157,0.217694570099467,0.1713223230551281,0.9458698328403944,0.0595222885634955,0.5423544347134385
0.8442151498572097,0.118208533657767,0.2168230942146206,0.6201286001558727,0.8738977750145194,0.5628627974193067
0.6734898982732312,0.3338844072075941,0.7634752042964789,0.9745527003489052,0.8012864123306334,0.6937383333383417
0.1693022233988194,0.4728906334288014,0.4362040391812489,0.8015663153743899,0.0728279467188868,0.7032476004558178
0.1564840490602807,0.390204870366295,0.1499487394372648,0.9137796390308308,0.2844098385060977,0.4418763736776614
0.7593837249628668,0.4445874222539763,0.3143331540730468,0.3335372633536959,0.108309121364207,0.5749383188674447
0.5817192185049931,0.914551866443696,0.2300307022226232,0.1025281629041376,0.463902467673325,0.3178130255331902
0.2619400626843217,0.9624132672987176,0.9938476201758936,0.615740164337125,0.4212656532504581,0.6021555898084707
0.8264082911535929,0.2975779633686052,0.9985953582573288,0.7565764056779621,0.7213881462016116,0.8295937875682214
0.8055344822411473,0.3343238722429571,0.5557934257511223,0.4953920876967439,0.5799474945635048,0.5291930191465805
0.918350619858785,0.7523280977538738,0.3554661423954122,0.2230502353276471,0.6005703332444938,0.652468477147793
0.6937133402175696,0.7721767348882642,0.0109760712763413,0.578767086173532,0.955554520521826,0.7753458060227398
0.71333632265923,0.5819992129197912,0.936034038251778,0.9228532861113742,0.774980220942576,0.9017656604998388
0.4914215279827724,0.3191926621815581,0.9130954281903192,0.2536318107439251,0.5246946182222249,0.4696127348382178
0.9614218035185196,0.9589783162587732,0.7960687325668064,0.1529457386881174,0.1755557736889416,0.7436850708381106
0.1569559989180075,0.8205494071021797,0.8289456865376518,0.4953779726072193,0.836145730716157,0.6951440737727183
0.6067582204440843,0.6064405987301246,0.9576402685887646,0.8735622058528784,0.2376769125228814,0.6811379692337395
0.3473088421711822,0.7970713099529824,0.6349532135682705,0.2145281735502498,0.8415579993317742,0.4565040395577212
0.942444410414732,0.1193839163523251,0.8723848632468836,0.9049700522737332,0.5265366164989708,0.6425384438125561
0.321213046925997,0.7590602507778558,0.9612860117142704,0.186370563768696,0.4531308886636674,0.4059033692087474
0.340638896299174,0.8858547890276399,0.5283579601752907,0.1917171395943045,0.1283794709524956,0.5022166322257512
0.8072408011675344,0.8498182424903878,0.5482510368274918,0.4787038362442353,0.1903742316271571,0.8006219958923938
0.893106595548157,0.1075020653733152,0.9722124608611242,0.2748159778555437,0.2798412455012223,0.4460288546948615
0.9964352719511907,0.39873454136981,0.6060680355861378,0.782247728531832,0.7640649202909906,0.8137057818108809
0.6064837914976771,0.4947339200083088,0.5009733950074489,0.1028913026505986,0.6093308261915207,0.3236243761309482
0.4954594542286716,0.0828471670979916,0.5271860066447044,0.980098462514913,0.0547073345559756,0.4432257332598359
0.1786652646120874,0.8661051929561676,0.3809594320143,0.0452254427179341,0.8457050567348011,0.342127266323807
0.4126092038318202,0.722599294664643,0.5813763843712015,0.2636604945503456,0.6858928801899673,0.5073044009582786
0.9538322082816588,0.9304002216001516,0.8109449813127323,0.1011569302986139,0.0447617080891517,0.7276322137473786
0.5425913777274878,0.1024937310277112,0.476111351460206,0.84820184493927,0.7919461883940409,0.4749603695662342
0.237684958655469,0.385859368498826,0.2221664365605401,0.2283189819498766,0.7080259177328876,0.2549581429098546
0.3196859709283224,0.0997596447678273,0.9007941962476886,0.3831447251257302,0.5807721999318759,0.3821923786111449
0.5697911927965992,0.7460619346528465,0.7084124248269698,0.337150618387151,0.2580075411374336,0.5994091352315687
0.8041113297371721,0.6664961941002578,0.373334572601047,0.3387493711505884,0.1994447136131164,0.6300812067815913
0.9340544279401358,0.9958228677027946,0.6715361969043065,0.4350376651509146,0.1368047849269167,0.8630389681653142
0.3535402169353088,0.0983092040402171,0.9342676773408148,0.7421933082089405,0.1357016378851937,0.4693271877294206
0.7311430546880513,0.377438425432709,0.0959520092009469,0.290320544538597,0.8557555491676843,0.3960422813726763
0.0573432265568167,0.6320136704095661,0.0887022453354821,0.7001440101882491,0.1141651774022032,0.4482076769372632
0.6444010235523885,0.3732024478613129,0.780362482702402,0.1757176347247925,0.9208493542744078,0.5280961857676176
0.7101551677062228,0.5714729222650223,0.1173303792290933,0.1567146908151632,0.2938838444303918,0.3995606777784162
0.4871022079387043,0.0783078399732685,0.8194535105728589,0.4581310985590069,0.9016804120101314,0.4399645487288537
0.0376360933845386,0.0514919695922479,0.1356880030714664,0.8361883317389047,0.3215463179025691,0.1407923006255647
0.1515696627011061,0.1615524936222759,0.5424901791515673,0.9922741401712776,0.5488386986559226,0.3817164740433537
0.9549119789139278,0.0192653215391286,0.2251959358799668,0.3482968783715748,0.3722667624562124,0.4081347576999558
0.6137180909266344,0.095888386923541,0.0259724030184269,0.545406910582122,0.479768967247395,0.2603079252326033
0.3738717593125886,0.0358376859261549,0.3099808755768263,0.2268527426721232,0.4405703470176377,0.2857196925492331
0.362177340052934,0.8675339541971727,0.9497390714674808,0.4897782687216767,0.8537074079107657,0.816788923478222
0.0245353218386735,0.6135788445004327,0.0498041930963508,0.0697947400589662,0.773101918274761,0.2232774427408544
0.1051305550784926,0.801583455936313,0.816760567600934,0.1186463921489535,0.0848804656411636,0.5121255431525604
0.2263939373248384,0.2923798521109313,0.3620812305675169,0.2431379676868061,0.0006533407862899,0.3741181499004712
0.8256781591920509,0.4858026968261401,0.3372540943505844,0.9000214341430443,0.479203224378351,0.6961487419249932
0.4333922359304883,0.7716143289126982,0.4147219699795575,0.5778876051001341,0.3550722872021102,0.5958043424033871
0.6200587749398816,0.3250522307167807,0.2703516237929839,0.1592477614809959,0.3473212228488662,0.3828815335151711
0.4189680766243958,0.651186676595468,0.9884630595182606,0.2381678287791789,0.023082528960812,0.682098128250305
0.7581026993846905,1.0,0.1734075255385422,0.3720893874987267,0.3529394547458667,0.6285612663690416
0.4655780075549354,0.516918197509443,0.3217649035154556,0.9320142959383804,0.9386404886400994,0.7637448151073394
0.068599566966265,0.6314063865865809,0.1343041132781354,0.6820276924459056,0.8850801947055694,0.5835138203963249
0.4486736894324253,0.3147235448842016,0.6199212773230214,0.2323359281363196,0.8092751777479005,0.4264453400636098
0.352450095839678,0.6559663866325013,0.1587408431789932,0.3478811878396347,0.6387125070160237,0.3641120377875675
0.5622713544890195,0.0112441339760835,0.9693413591014728,0.4956302264152293,0.9510184622559236,0.5677969136280953
0.3215097605110148,0.1351663787632074,0.1001632895025729,0.0509789025926082,0.2877012286753744,0.2163549019852754
0.7451278099316075,0.4676123761829089,0.993705229065126,0.740633472665535,0.3789826688189132,0.8096743240136803
0.3660991567957053,0.409271224351518,0.1698605713332937,0.9559981889987296,0.9861629079531732,0.692640800303743
0.9443438385097098,0.1854766655131683,0.3826057370845823,0.9284490724949758,0.9901888515762454,0.7282052401589495
0.8545109491959714,0.0407667549116369,0.114400797838454,0.6516839298575868,0.3016668004584985,0.3280871140551056
0.457083117630018,0.3851991844935393,0.4966120896042235,0.455202215148337,0.4949423425006479,0.2862759091502482
0.489859825715463,0.6112625360289031,0.5274648864957305,0.0446821651370961,0.4078413107001937,0.34532101365469
0.4212897761370769,0.4980651116968307,0.1860693315984683,0.1961770529850586,0.1043318500095129,0.3911067449971172
0.8174957927403046,0.8842620619547616,0.7536899696689994,0.1932030952932161,0.003550954161714,0.7939081234455777
0.8731692998901722,0.1536244181623704,0.6633386492410174,0.6800255626702393,0.6972121619704019,0.5272032264380566
0.8356818223256067,0.6028554898454586,0.110981721460532,0.3204968795317179,0.2316679378515357,0.5329380948157296
0.3879072209288554,0.6815529390719423,0.6426143766102996,0.0674082458789792,0.7859846157885058,0.4450021826441797
0.0637636493276535,0.2227494055090788,0.710843874731344,0.7250623302330463,0.2263785377040276,0.337990917703746
0.8164683916212236,0.7716859767039499,0.1073929783405212,0.135397823983949,0.7585533660245604,0.5682834516395113
0.3352752346808735,0.218878822053473,0.0809982582007117,0.6871946992088588,0.6617178601625296,0.2578654150150739
0.7741684004374284,0.2945830910898304,0.4162917411343556,0.4823163248366496,0.7816410676363748,0.5716194260641975
0.3601263354093499,0.13065678128407,0.9834496155211788,0.5713655058282034,0.6873007603177658,0.4429265846457224
0.9598462647118488,0.5765518180481589,0.873492187913442,0.3254624501692748,0.4124107675948729,0.8003275580671348
0.1601777379964442,0.7527163979066984,0.3501518009520586,0.4875752356249375,0.9112986955602426,0.5528058896850817
0.3976364779603788,0.9452245016236296,0.191476915454589,0.5421637202088563,0.7935727367699553,0.650859118474397
0.8516835366584331,0.6180601384311003,0.2635182158310202,0.9674545072051142,0.2243171025821342,0.7630869597737937
0.3593683019921743,0.7824997008651792,0.958508506426888,0.3275210090177965,0.4229398922014348,0.5840111416140688
0.8963626057162104,0.6022813451041293,0.3933355756205377,0.7431757322473507,0.022871999727246,0.9639432381643284
0.2645265969641437,0.1409529103484509,0.065227799443933,0.7863099043388828,0.3250060388328653,0.2696670819452549
0.9342304671985934,0.3744871422316024,0.7154860036518234,0.8665557660491379,0.0956148109107416,0.8817513286881153
0.294375648508347,0.3817079996312417,0.5507440526372213,0.2478618539101446,0.9374482241466,0.3994545103773468
0.859466583918524,0.5965662422170674,0.8433778662118604,0.0928072596660531,0.3322816154850002,0.5837732053484049
0.3710347169349633,0.1649418119293483,0.0667313165634984,0.7129204302928931,0.7285005911470838,0.3917698286934272
0.2222310838632365,0.8075361054240995,0.3724892837071448,0.2375360161618168,0.8426986222596318,0.4342402406006593
0.934005387556586,0.8209400445845535,0.323585572805903,0.6250108458159963,0.5887744791584216,0.7729922174608778
0.2795315646812412,0.4644566451569422,0.096307951116006,0.0596212500730479,0.3800612041844539,0.1195737468332035
0.829751523746807,0.5496744781897075,0.9096654225010928,0.4214705631513568,0.3378739307449928,0.6512867249072364
0.2254187041347152,0.7465848247665519,0.6066335998487807,0.9750737367973292,0.4774844464002232,0.4785925408742098
0.4971449032999133,0.8626077424524227,0.6240189989119848,0.5406327819819217,0.5647987875691443,0.5702329105194598
0.3350500074062107,0.064399645143581,0.5188616161986577,0.4968615411600819,0.5573687910422424,0.1922112266846813
0.728559419360491,0.9587180648070348,0.2445848877502166,0.5240677971089533,0.2114548889682974,0.6484196321583315
0.1140948947940123,0.866106187545102,0.4856919556993238,0.5605984541517838,0.1858008946097752,0.6306263511525873
0.8317082474052003,0.5147739429622092,0.8726060041283298,0.6231847152699619,0.8257827448312968,0.8747055460125254
0.4947089564046298,0.4681996699151146,0.8176880914969878,0.2543590147447029,0.136405517438734,0.5130569691473618
